,Attack,Benign,absolute_difference,relative_difference,abs_relative_difference
Fwd IAT Min,329.0,29.0,300.0,10.344827586206897,10.344827586206897
Fwd Pkts/s,204.50594795,39.7808077847,164.7251401653,4.140819388505593,4.140819388505593
Flow Pkts/s,281.57118945,81.75612148959654,199.8150679604035,2.4440380037576754,2.4440380037576754
Fwd Pkt Len Max,0.0,44.0,-44.0,-1.0,1.0
TotLen Fwd Pkts,0.0,51.0,-51.0,-1.0,1.0
Flow Byts/s,0.0,1076.6813732655507,-1076.6813732655507,-1.0,1.0
Bwd Pkt Len Max,0.0,104.0,-104.0,-1.0,1.0
Bwd Pkt Len Mean,0.0,79.0,-79.0,-1.0,1.0
Fwd Pkt Len Mean,0.0,40.0,-40.0,-1.0,1.0
TotLen Bwd Pkts,0.0,120.0,-120.0,-1.0,1.0
Pkt Size Avg,0.0,78.5,-78.5,-1.0,1.0
Flow IAT Std,0.0,117.18589218909858,-117.18589218909858,-1.0,1.0
Pkt Len Var,0.0,1365.3333333333333,-1365.3333333333333,-1.0,1.0
Pkt Len Max,0.0,106.0,-106.0,-1.0,1.0
Pkt Len Mean,0.0,56.3333333333,-56.3333333333,-1.0,1.0
Pkt Len Std,0.0,36.95041722813605,-36.95041722813605,-1.0,1.0
Fwd IAT Max,1591.5,22654.0,-21062.5,-0.9297475059592125,0.9297475059592125
Fwd IAT Tot,1724.0,24106.5,-22382.5,-0.9284840188330948,0.9284840188330948
Fwd IAT Mean,1361.0,16829.0,-15468.0,-0.9191276962386357,0.9191276962386357
Flow Duration,12183.5,43042.5,-30859.0,-0.7169425567752803,0.7169425567752803
Flow IAT Mean,6250.0,18381.33333333335,-12131.33333333335,-0.6599811402872482,0.6599811402872482
Flow IAT Max,11409.0,31341.5,-19932.5,-0.6359778568351866,0.6359778568351866
Flow IAT Min,22.0,54.0,-32.0,-0.5925925925925926,0.5925925925925926
Bwd Pkts/s,2.3633126454999998,3.9747498365,-1.6114371910000003,-0.40541851872090773,0.40541851872090773
Tot Bwd Pkts,1.0,1.0,0.0,0.0,0.0
Tot Fwd Pkts,2.0,2.0,0.0,0.0,0.0
Down/Up Ratio,0.0,0.0,0.0,,
Fwd Pkt Len Min,0.0,0.0,0.0,,
Fwd Pkt Len Std,0.0,0.0,0.0,,
Bwd Pkt Len Min,0.0,0.0,0.0,,
Bwd Pkt Len Std,0.0,0.0,0.0,,
Pkt Len Min,0.0,0.0,0.0,,
Fwd IAT Std,0.0,0.0,0.0,,
Bwd IAT Tot,0.0,0.0,0.0,,
Bwd IAT Mean,0.0,0.0,0.0,,
Bwd IAT Std,0.0,0.0,0.0,,
Bwd IAT Max,0.0,0.0,0.0,,
Bwd IAT Min,0.0,0.0,0.0,,
FIN Flag Cnt,0.0,0.0,0.0,,
SYN Flag Cnt,0.0,0.0,0.0,,
RST Flag Cnt,0.0,0.0,0.0,,
PSH Flag Cnt,0.0,0.0,0.0,,
ACK Flag Cnt,1.0,0.0,1.0,,
URG Flag Cnt,0.0,0.0,0.0,,
CWE Flag Count,0.0,0.0,0.0,,
ECE Flag Cnt,0.0,0.0,0.0,,
Active Mean,0.0,0.0,0.0,,
Active Std,0.0,0.0,0.0,,
Active Max,0.0,0.0,0.0,,
Active Min,0.0,0.0,0.0,,
Idle Mean,0.0,0.0,0.0,,
Idle Std,0.0,0.0,0.0,,
Idle Max,0.0,0.0,0.0,,
Idle Min,0.0,0.0,0.0,,
