,Attack,Benign
Flow Duration,4060350.0115616694,14185882.707207385
Tot Fwd Pkts,123.19359466644163,5.888377764229896
Tot Bwd Pkts,2.3058356892695895,6.618364066792821
TotLen Fwd Pkts,3995.976918857336,435.43603771941633
TotLen Bwd Pkts,377.96432338917253,4776.649416869225
Flow Byts/s,30068.646423624807,313452.5611624084
Flow Pkts/s,157722.29875691066,33533.81950629674
Fwd Pkts/s,79519.71581067161,29440.693851106735
Bwd Pkts/s,78169.3067936336,3850.1866060322513
Down/Up Ratio,0.500527448415545,0.5131590407043491
Fwd Pkt Len Max,83.08422296299422,211.95293782313678
Fwd Pkt Len Min,0.5309928688974218,13.414561246545949
Fwd Pkt Len Mean,21.945858178942164,53.88728916792178
Fwd Pkt Len Std,36.43204049546357,71.68074180783772
Bwd Pkt Len Max,261.2315287564876,377.2083039722568
Bwd Pkt Len Min,1.0448542132579435,32.2119539829455
Bwd Pkt Len Mean,61.81697864249441,123.90142450746299
Bwd Pkt Len Std,119.86644427259499,135.6806661834825
Pkt Len Min,0.5198109624878687,13.261423108288929
Pkt Len Max,274.8089792818262,408.9136903112406
Pkt Len Mean,39.42382595751463,84.5576348699491
Pkt Len Std,90.79754384547155,125.55402333055449
Pkt Len Var,27819.840707075284,42761.00817627681
Pkt Size Avg,44.54832253554261,97.76148634396976
Flow IAT Mean,2937372.9586366084,3770369.867918244
Flow IAT Std,285456.93537366635,1147381.3875352466
Flow IAT Max,3495459.546563146,6984777.175643899
Flow IAT Min,2792705.931769273,3265536.816901687
Fwd IAT Tot,3845146.717308747,13893904.421120973
Fwd IAT Mean,3036317.6988681913,4154434.362865534
Fwd IAT Std,135187.41300229842,1329606.997902571
Fwd IAT Max,3308490.002384067,6803045.301133799
Fwd IAT Min,2958815.084497236,3347987.476809368
Bwd IAT Tot,1003130.313916199,8993405.053701079
Bwd IAT Mean,345232.7117208754,941090.1058717362
Bwd IAT Std,264633.4859731058,972080.2268218314
Bwd IAT Max,664355.1027891472,3004432.6868274994
Bwd IAT Min,174488.8180091987,327072.63483266166
FIN Flag Cnt,0.0006962319085193468,0.0055541919699764845
SYN Flag Cnt,0.0036077471623275244,0.05292515498689638
RST Flag Cnt,0.25967340394109456,0.1566377146657588
PSH Flag Cnt,0.47691885733575257,0.37124409149571264
ACK Flag Cnt,0.5101903033883286,0.2938258604444937
URG Flag Cnt,0.04441115658888561,0.04244226094805267
CWE Flag Count,0.0002531752394615807,0.0
ECE Flag Cnt,0.25967340394109456,0.1566337558689163
Active Mean,25415.701506724967,197101.33519709852
Active Std,9865.722844991535,99267.16573817328
Active Max,33805.27340816068,301250.7749146879
Active Min,18431.315604033927,131306.9706376038
Idle Mean,3157656.8992020763,5313486.344123639
Idle Std,51568.04272110328,168653.20480354058
Idle Max,3225239.346174944,5452462.929996596
Idle Min,3113528.716063969,5152656.296644524
