,Flow Duration,Tot Fwd Pkts,Tot Bwd Pkts,TotLen Fwd Pkts,TotLen Bwd Pkts,Flow Byts/s,Flow Pkts/s,Fwd Pkts/s,Bwd Pkts/s,Down/Up Ratio,Fwd Pkt Len Max,Fwd Pkt Len Min,Fwd Pkt Len Mean,Fwd Pkt Len Std,Bwd Pkt Len Max,Bwd Pkt Len Min,Bwd Pkt Len Mean,Bwd Pkt Len Std,Pkt Len Min,Pkt Len Max,Pkt Len Mean,Pkt Len Std,Pkt Len Var,Pkt Size Avg,Flow IAT Mean,Flow IAT Std,Flow IAT Max,Flow IAT Min,Fwd IAT Tot,Fwd IAT Mean,Fwd IAT Std,Fwd IAT Max,Fwd IAT Min,Bwd IAT Tot,Bwd IAT Mean,Bwd IAT Std,Bwd IAT Max,Bwd IAT Min,FIN Flag Cnt,SYN Flag Cnt,RST Flag Cnt,PSH Flag Cnt,ACK Flag Cnt,URG Flag Cnt,CWE Flag Count,ECE Flag Cnt,Active Mean,Active Std,Active Max,Active Min,Idle Mean,Idle Std,Idle Max,Idle Min
Flow Duration,1.0,0.046008694507446615,0.07164035675624349,0.04469870709989421,0.051792459562610235,-0.02766395962907983,-0.08024490401947539,-0.06958125784860042,-0.06680935146224985,-0.05730860654133703,0.1611281193294607,-0.16060896825234353,0.0004643773933911013,0.10343060397502822,0.28023324544354394,-0.1880051915483981,0.24153925410503851,0.2515537562566842,-0.16768243542311714,0.2725114842690808,0.24108414534693293,0.2673342348130362,0.29575104761037235,0.20300961179746566,0.5055213035005902,0.5742204331926466,0.7583239627420163,0.44290004092048396,0.9968350467059022,0.5555971808902197,0.5910999188302604,0.7566258507063075,0.45253975826070697,0.8071672626739774,0.4087467485248629,0.597549179757053,0.6087482299676199,0.13359509230437394,-0.027499030431647947,0.012900024831279468,0.09430829499305249,0.14603251665009995,-0.008538286164645022,-0.07515822590581389,-0.0024838314987740712,0.09431257093761289,0.16938012667317892,0.17096700909316073,0.20980916798817428,0.1196637029158743,0.7286244280809576,0.21682551096400535,0.736953643475507,0.7112506234348388
Tot Fwd Pkts,0.046008694507446615,1.0,0.021588088889401728,0.9521640199119645,0.021766688399651228,-0.0008381442392492223,-0.0029352815345508386,-0.002505834576796161,-0.0025387587060495304,-0.005839225022470823,-0.0039649355244112195,0.009478418654772763,-0.002189437316156864,-0.005764991768222131,-0.005330884242153842,-0.007555485047534215,-0.0028487016261530265,-0.005650301229734905,0.010063360011700873,-0.005012468111556948,0.0008855283099106561,-0.005205592265850116,-0.0011016925256516136,-0.0006863234525482302,-0.0035456298829815653,-0.0021703295280262815,-0.0028272438611886413,-0.003271023324490957,0.046283036160722484,-0.003672041704406594,-0.0018321952061372746,-0.002733007378501996,-0.0033232392591759103,0.0002884945778626733,-0.0017299143280519512,-0.0015655917073040247,-0.0007843972309067125,-0.0010089960054902958,-0.0010298894785136397,-0.001975551690888085,-0.004526945836602309,-0.007825447230356485,-0.009514976835138854,-0.0032125344419031356,-9.303853349913674e-05,-0.004526844903086579,0.0011006467097820145,0.0010762916584130392,0.0013249041032737834,0.000778803798068649,-0.0026258560552175447,0.0001901428683293764,-0.0025718256805187813,-0.002663161566754754
Tot Bwd Pkts,0.07164035675624349,0.021588088889401728,1.0,0.01829136398619881,0.9952406694477076,-0.0011076516647037465,-0.00873415057807829,-0.007850690947924533,-0.006628828737959546,0.13113675288383128,0.054349648955560055,-0.018582424790099993,0.02201210691079298,0.02874513106893976,0.07610918028192269,-0.008048251705787927,0.1716590127520353,0.03731452059538956,-0.019432215349719145,0.07717373732018445,0.20267161033262068,0.09134428115371791,0.12301923815206375,0.19187209857319285,-0.009993630555648829,0.01618987774941842,0.028305297116230983,-0.011012660238841673,0.0690978221378742,-0.008130440003792656,0.02246973516113116,0.024355194055807203,-0.011016683540049662,0.08865497328052484,0.006674031893471202,0.024417885545422905,0.05521158766901492,-0.001930556719465461,-0.003061868472533466,0.022837375077847905,0.01649283090833651,0.03637235915104361,-0.01386097261678895,-0.008477631243380785,-0.00031088464408400546,0.016493316927268395,0.018554670898573204,0.008116573644437252,0.022401614667722395,0.018874341397839778,0.028131674482264262,0.02227971631331036,0.029601954340941653,0.026114073335219812
TotLen Fwd Pkts,0.04469870709989421,0.9521640199119645,0.01829136398619881,1.0,0.0026671511858198174,0.0002650284311141536,-0.0037729491983472738,-0.00325349186675714,-0.003187319789338137,-0.005241092457809098,0.04266773195457055,0.008585181071886413,0.064806800977689,0.025255183594878168,0.0015157931315705475,-0.009530400370289533,-0.0015552984797202888,-0.00011474399304838915,0.008083848107304689,0.0227146787502542,0.013604818972932952,0.012551627962320311,0.09398629830024781,0.01158561799145187,-0.0045027717919181596,-0.0006827890352956128,-0.002740418510551136,-0.0043490421519496465,0.0449658487923075,-0.004472281996972108,6.765447153326556e-05,-0.002600496593354938,-0.004410689515218643,0.0024264864934019845,-0.0009855572171448062,0.0004581619510567901,0.0007721100594306074,-0.0011028610585719796,-0.001341691386933435,-0.0028021473632582443,-0.0015513669096525907,-0.002703856789572262,-0.011292576328419927,-0.00398907314240772,-0.00012323671912828894,-0.001551206989095741,0.0002467907508115007,3.9662435548245264e-05,0.00045623846110911165,0.0002872128022472887,-0.002746066794003287,0.000765532950324467,-0.002625562452367854,-0.002839557244248828
TotLen Bwd Pkts,0.051792459562610235,0.021766688399651228,0.9952406694477076,0.0026671511858198174,1.0,5.642201034481192e-05,-0.004639030426429037,-0.004038081845598526,-0.0038327019635824833,0.07426234481877972,0.02341230192212728,-0.010776870055678248,-0.00655582746024707,0.003937623126372776,0.048978794254584075,0.00018446566710306086,0.15381461389113957,0.014068082709442884,-0.011236044976746636,0.046784990129723404,0.18137815172695693,0.0653309152892153,0.0882418746276679,0.1720987763462998,-0.005381693196417106,0.004627252410140238,0.02317002218028187,-0.005260860770082678,0.04938874889571735,-0.004930025761215392,0.009207542470668684,0.019266723124856003,-0.005348568104550315,0.06138876579438147,-0.0011020175380493439,0.007940933461248592,0.03811206467572841,-0.0017090811121048394,-0.0016213331415658346,0.02510067433323687,0.00314826853340185,0.014902378215806492,-0.0017626358818605785,-0.004934061528177736,-0.00014847734594720295,0.0031484994582675918,0.015722168893320426,0.006376132395469217,0.018657678186631763,0.016261728475361115,0.022403407540148884,0.01625277899384166,0.02349138872640249,0.020965125392554865
Flow Byts/s,-0.02766395962907983,-0.0008381442392492223,-0.0011076516647037465,0.0002650284311141536,5.642201034481192e-05,1.0,0.4072435947422657,0.4481660476078341,0.12824458347188994,-0.004034755217861023,-0.02266364131854291,0.012740999491860626,-0.0009800707333549174,-0.013991611815033224,-0.03958666215167152,-0.012011781499427507,-0.03327587817134874,-0.03581940763225204,-0.006774900142942985,-0.03364289338610065,-0.014210693104396358,-0.027079605659642413,-0.022620267933923528,-0.008512937501096036,-0.017518208301663316,-0.019192470935684054,-0.025115649154781573,-0.015379837060436023,-0.02710958711799149,-0.018895386308041804,-0.018723478284101137,-0.024493653374557285,-0.015653882384907187,-0.020365101106504198,-0.013192534845787873,-0.017523293616054765,-0.01763983362909334,-0.005343311658742252,-0.00452128934130493,0.19583857157818177,-0.024603194006374906,-0.04231680822507961,0.06088832177655264,-0.01421454391399873,-0.00043400540817114603,-0.024602775962696756,-0.0047159004959592896,-0.003925959549433218,-0.005427822472000505,-0.0037287838193690685,-0.021029319561059006,-0.00619809883927421,-0.021251433199309246,-0.02057848207408036
Flow Pkts/s,-0.08024490401947539,-0.0029352815345508386,-0.00873415057807829,-0.0037729491983472738,-0.004639030426429037,0.4072435947422657,1.0,0.9463959937226639,0.6693358361783028,0.015564740099776599,-0.12516356401882311,-0.08070391031396941,-0.14895554988837076,-0.11328963782191839,-0.140799553618322,-0.10045414601192285,-0.1359385828693376,-0.1271943416254038,-0.09327939698451759,-0.14610595788871075,-0.13850016426201497,-0.14187184711660597,-0.09737234340001637,-0.15088469028996002,-0.05074606991714032,-0.05562965627960091,-0.07281692965344057,-0.04454865678522988,-0.07863211083294486,-0.05473700340632581,-0.054277358357092124,-0.07100606527951854,-0.045341682473545586,-0.05909782779814508,-0.038232211915198225,-0.050800147872110436,-0.051185810966783284,-0.01548192564401328,0.05676246040168486,0.09165993685423243,-0.09008832846751152,0.02338063269742633,0.08118614685733734,0.04947356825127671,-0.0012568337621327048,-0.09009012239851717,-0.013692349199325713,-0.011382268464139658,-0.01575585584284762,-0.010834906423962828,-0.0609621136602939,-0.01798312958762484,-0.06160727599465702,-0.05965386418568253
Fwd Pkts/s,-0.06958125784860042,-0.002505834576796161,-0.007850690947924533,-0.00325349186675714,-0.004038081845598526,0.4481660476078341,0.9463959937226639,1.0,0.3935810100017183,-0.01715665203017864,-0.10746336703655944,-0.07480990978575132,-0.12758887411119524,-0.09596507310695407,-0.12242555011551161,-0.08818739173442758,-0.11844911363675761,-0.11067279190373144,-0.08203305996451896,-0.1262091073632998,-0.1186691566652221,-0.12211672722111164,-0.08442217539791529,-0.12886200307640408,-0.04401607637704008,-0.048250231884321995,-0.06314665989907929,-0.0386423308749691,-0.0681840851289156,-0.04747615256091186,-0.04707786096271922,-0.06157747150485564,-0.03932997370004301,-0.05125693967679623,-0.033164849842576366,-0.044063226644774446,-0.04439772331067512,-0.013431188359010476,0.06898539302860085,0.10714104835967032,-0.07834903550241512,-0.025073391338339718,0.11500599205593838,0.020595940621726424,-0.001090277184160731,-0.07834988204430356,-0.011878737777257033,-0.00987462754032523,-0.013668849254337046,-0.009399855937523518,-0.05287268037574431,-0.015601016695739553,-0.05343190587442938,-0.05173866389737182
Bwd Pkts/s,-0.06680935146224985,-0.0025387587060495304,-0.006628828737959546,-0.003187319789338137,-0.0038327019635824833,0.12824458347188994,0.6693358361783028,0.3935810100017183,1.0,0.08544250188561842,-0.10646120501910313,-0.05588032795701892,-0.1272188372368257,-0.09953478082481294,-0.11599752049026518,-0.08096918548521587,-0.11143515334621723,-0.10471555305092412,-0.07487071258341281,-0.12228498264185114,-0.11832972455230961,-0.11982929387376612,-0.08101801819670773,-0.12982121620889822,-0.04226161821125097,-0.04632636244596409,-0.06062891561274701,-0.03710213848567222,-0.06546805132522776,-0.045583829057146474,-0.04520075548576128,-0.05912250151429933,-0.03776245169639642,-0.04921256198455358,-0.031842425557777665,-0.042306018822750514,-0.04262679771671461,-0.0128956901617199,-0.008674734037822911,0.0024607045683547797,-0.07441891651751444,0.12684357948914937,-0.03925785861386237,0.09406539096991912,-0.0010471188553432354,-0.07442209379124953,-0.011405036639797264,-0.009481025496596603,-0.013123794391598472,-0.009024913469950307,-0.05076477052950033,-0.014978891095850086,-0.051301689380874996,-0.0496759775412175
Down/Up Ratio,-0.05730860654133703,-0.005839225022470823,0.13113675288383128,-0.005241092457809098,0.07426234481877972,-0.004034755217861023,0.015564740099776599,-0.01715665203017864,0.08544250188561842,1.0,-0.07138942337870208,0.22021313868170214,0.014982637508113114,-0.07795008105020813,0.007325095184932474,0.2487633585680787,0.11840610166117034,-0.02435416389086499,0.22531185211499014,-0.011312461483490714,0.11775627980099475,0.012754874339448328,0.02849944277546009,0.14289263065817406,-0.11835995533011685,-0.016198900220393164,-0.0854106236848988,-0.11495162990023967,-0.0646003392445519,-0.11836082483233636,-0.02182628379477033,-0.09429571600947145,-0.11180278804790976,0.0201528081262388,-0.01875894340455381,0.01982638926778414,0.033668417980329636,-0.015758911209182342,0.0007751196592131518,-0.08875809478160009,-0.0045851425821986464,-0.006120220846260934,-0.24129634632661057,0.08839349713200689,-0.003249174362871986,-0.0045895079313218925,-0.005185884642856832,-0.013480194060131415,-0.007415424810451566,0.0007343671887958565,-0.06754562809307024,0.01853229994893846,-0.06547782333582992,-0.0692284768199725
Fwd Pkt Len Max,0.1611281193294607,-0.0039649355244112195,0.054349648955560055,0.04266773195457055,0.02341230192212728,-0.02266364131854291,-0.12516356401882311,-0.10746336703655944,-0.10646120501910313,-0.07138942337870208,1.0,-0.21078940938038598,0.863126189667024,0.9581354232620518,0.7041550924188777,-0.2652737012243057,0.44317652391061535,0.6708657116506038,-0.2299519336905787,0.8157028316847705,0.5770826068219349,0.7467948725379909,0.5855559046583166,0.5564239964094296,-0.13151829444944585,0.1638285103638504,0.01045335997108723,-0.14697916539502298,0.15961688020736234,-0.11192649330713234,0.20391330870872698,0.01235249705798859,-0.14800832091062618,0.2681730540864862,0.07913456597257183,0.20019741174766978,0.17826812429769845,-0.02549718705274953,-0.04435210975866147,-0.08885397134097112,0.40318667414288684,0.5119591000303564,-0.21385421500743385,-0.12025551922612997,-0.004183654806796192,0.4031955783682324,0.0034248661603129057,-0.002109742692777595,0.011667639992743001,0.007174884337948217,-0.007233768658627771,0.04744540178797189,-0.003563414610446721,-0.012856316118407696
Fwd Pkt Len Min,-0.16060896825234353,0.009478418654772763,-0.018582424790099993,0.008585181071886413,-0.010776870055678248,0.012740999491860626,-0.08070391031396941,-0.07480990978575132,-0.05588032795701892,0.22021313868170214,-0.21078940938038598,1.0,0.11566933768239968,-0.28885226454750695,-0.24067813859452458,0.7098944853051518,-0.027353187344016688,-0.30667698680055355,0.9511853083995975,-0.24795210959221742,0.01642004333285384,-0.2505645749453286,-0.21914151394797465,0.11184969115334788,-0.09864022823696583,-0.09108642920110217,-0.14270526701367434,-0.09221139323181714,-0.15686377896199571,-0.10582158770162917,-0.10028064680962342,-0.1384652612472353,-0.09063375729328191,-0.13592514572087797,-0.07746274517517725,-0.11801548328761867,-0.11524357453714988,-0.023544414294057035,-0.033006531439465296,-0.07664765501353059,-0.2176131728486549,-0.37890180142460084,-0.31785291892100553,-0.0898187941055698,-0.0030100940829246203,-0.21761063685252066,-0.021141071171322714,-0.02530777413559957,-0.027937582953741255,-0.013128812248202552,-0.12212889522541195,0.021990163662759896,-0.11551853477535383,-0.12490094020566153
Fwd Pkt Len Mean,0.0004643773933911013,-0.002189437316156864,0.02201210691079298,0.064806800977689,-0.00655582746024707,-0.0009800707333549174,-0.14895554988837076,-0.12758887411119524,-0.1272188372368257,0.014982637508113114,0.863126189667024,0.11566933768239968,1.0,0.8657113439020578,0.5476190856827458,-0.03926197373194476,0.3743859721539517,0.5234568599756237,0.07180047693442618,0.6723810519173624,0.559804205791759,0.6253673868990164,0.4868035062307384,0.5772031876456292,-0.1717600654460402,0.10824091006159116,-0.061057424252777374,-0.1814219461045404,-0.00016604375666379469,-0.1595541501063759,0.1393431601815507,-0.058621306491866074,-0.18033010014129278,0.09533369620567705,0.03488463920843374,0.10819390600017945,0.0924567259439763,-0.009381058532307618,-0.05606044708110459,-0.05553246241183259,0.3022547816729361,0.3776465197549785,-0.29534657861714514,-0.1519136053602473,-0.00529183113460832,0.30226446083508074,-0.0055418673689892044,-0.015549106146902405,-0.004852063215050565,0.0018961572603592503,-0.07893374253405731,0.054151980918974926,-0.07170909340726801,-0.08460984563779651
Fwd Pkt Len Std,0.10343060397502822,-0.005764991768222131,0.02874513106893976,0.025255183594878168,0.003937623126372776,-0.013991611815033224,-0.11328963782191839,-0.09596507310695407,-0.09953478082481294,-0.07795008105020813,0.9581354232620518,-0.28885226454750695,0.8657113439020578,1.0,0.6185176115560165,-0.31684311655859393,0.38119171768151483,0.6280103506409351,-0.30309028236050733,0.7581002822180084,0.5222499775597268,0.7206177798158762,0.5425410418491838,0.5014466341914504,-0.12340091178877517,0.14682597499099628,-0.002058128890145317,-0.13696460963169815,0.10123116839963459,-0.10655693180984631,0.18013690545320774,-0.0016388867369484192,-0.137249007348093,0.1911057499137154,0.0645042661459356,0.15769062031122363,0.13240767560318967,-0.016863832817359585,-0.04038729527803023,-0.06138400431450068,0.37717847322783005,0.4786118493683848,-0.12706118460907145,-0.10648078329382829,-0.0038689535432068155,0.3771867405979525,0.0013396875721045278,-0.0048301995690041375,0.007442938271029098,0.005589799159255066,-0.026024347818817975,0.028505525478231063,-0.023643963845516997,-0.029627392258376704
Bwd Pkt Len Max,0.28023324544354394,-0.005330884242153842,0.07610918028192269,0.0015157931315705475,0.048978794254584075,-0.03958666215167152,-0.140799553618322,-0.12242555011551161,-0.11599752049026518,0.007325095184932474,0.7041550924188777,-0.24067813859452458,0.5476190856827458,0.6185176115560165,1.0,-0.24414722904719235,0.7782050670165904,0.9720281712718475,-0.25033496927524046,0.9705601083169811,0.759665240695801,0.9319245741887637,0.7899791320337107,0.7333695003861505,-0.14033647498318294,0.25518270857491304,0.09416368524101651,-0.16014688343647104,0.2753488506426981,-0.11428833596662351,0.3176016481169116,0.09130022732777962,-0.1622472554783465,0.42793131193513184,0.12569657177805998,0.3807415647654564,0.362247905598006,-0.033537063290244376,-0.04722636501845987,-0.13440035071079265,0.5659580596383023,0.7263607908393185,-0.4353221254485004,-0.14198689429539607,-0.004520458444872748,0.5659686741449167,-0.0009948148327158632,0.0014065955098828157,0.009166288605471326,0.0005960538552544614,0.09292593221481124,0.07823374246028056,0.09667938463985369,0.08547059196728088
Bwd Pkt Len Min,-0.1880051915483981,-0.007555485047534215,-0.008048251705787927,-0.009530400370289533,0.00018446566710306086,-0.012011781499427507,-0.10045414601192285,-0.08818739173442758,-0.08096918548521587,0.2487633585680787,-0.2652737012243057,0.7098944853051518,-0.03926197373194476,-0.31684311655859393,-0.24414722904719235,1.0,0.039138083007110344,-0.3398353137558625,0.7491897361482931,-0.26834512323135545,-0.02119172431083529,-0.23943471568902647,-0.2381712731617514,0.07839980803517536,-0.1259305729881373,-0.07742309549766205,-0.16070124476558112,-0.11799953722494588,-0.18389454006258893,-0.13036650733741564,-0.07545219004935783,-0.15604166157553453,-0.11712271653024527,-0.13174377869018525,-0.002968906020147919,-0.12800361513948214,-0.09063991709481535,0.06569754760843417,-0.0365888981329195,-0.06060938773795674,-0.24123183704849693,-0.4200259406272718,-0.34324374922726075,-0.11149718182112023,-0.0033367948999012713,-0.24122902580780195,-0.03454721794497287,-0.027461857024116083,-0.03887829300387957,-0.028007040348497932,-0.12856669925827366,-0.04140977550843644,-0.12997878913577315,-0.12544587767314427
Bwd Pkt Len Mean,0.24153925410503851,-0.0028487016261530265,0.1716590127520353,-0.0015552984797202888,0.15381461389113957,-0.03327587817134874,-0.1359385828693376,-0.11844911363675761,-0.11143515334621723,0.11840610166117034,0.44317652391061535,-0.027353187344016688,0.3743859721539517,0.38119171768151483,0.7782050670165904,0.039138083007110344,1.0,0.7750906151718043,-0.025994204459951337,0.754580839062344,0.949609296215715,0.8573636659686029,0.8798756280085831,0.9437176758079959,-0.14214830025213,0.23181136006157466,0.11249064524446567,-0.15564556177890332,0.23679869849751772,-0.12011127227216228,0.31009128312300205,0.10832502050590007,-0.15707971922486305,0.36916507363702333,0.08039080557505993,0.3052214496476615,0.35899353294512504,-0.012037368289429348,-0.04637703895485207,-0.11343003389850172,0.35002043436441244,0.4701191381224438,-0.4143896402283334,-0.14065438123825688,-0.004394806006267918,0.35002922754194454,-0.001004357993789512,0.005373235119695299,0.011377810019127223,-0.0011431032637768776,0.10451746470042222,0.09649586679647977,0.10971621467569623,0.09594815018520511
Bwd Pkt Len Std,0.2515537562566842,-0.005650301229734905,0.03731452059538956,-0.00011474399304838915,0.014068082709442884,-0.03581940763225204,-0.1271943416254038,-0.11067279190373144,-0.10471555305092412,-0.02435416389086499,0.6708657116506038,-0.30667698680055355,0.5234568599756237,0.6280103506409351,0.9720281712718475,-0.3398353137558625,0.7750906151718043,1.0,-0.3201645251184222,0.956654730835614,0.7455280222267515,0.9524092594159645,0.824569612873576,0.7147530150052176,-0.12633110519859445,0.24489236928398309,0.09495160636434699,-0.14473138566394586,0.24582398895079374,-0.10274173457083059,0.30204857424319775,0.0901140068494271,-0.14678516953453935,0.38033041569984943,0.10710404127469599,0.36002175082559124,0.33292918233081564,-0.03941629775032769,-0.04192218187523609,-0.12678252661495537,0.5778466580035172,0.7369388658047822,-0.37508731956875657,-0.1261666411986813,-0.004084721112841064,0.5778567558830965,-0.00363029197520929,0.00042376177973750724,0.005695131988213101,-0.002235334349155589,0.08696103301973444,0.07181069115074537,0.09028416758883401,0.08011628364850158
Pkt Len Min,-0.16768243542311714,0.010063360011700873,-0.019432215349719145,0.008083848107304689,-0.011236044976746636,-0.006774900142942985,-0.09327939698451759,-0.08203305996451896,-0.07487071258341281,0.22531185211499014,-0.2299519336905787,0.9511853083995975,0.07180047693442618,-0.30309028236050733,-0.25033496927524046,0.7491897361482931,-0.025994204459951337,-0.3201645251184222,1.0,-0.26366957394017937,-0.0008177307352489951,-0.2672453068055593,-0.23431612751308878,0.09834811610569827,-0.10278579283387283,-0.09572628779400744,-0.14891487117358954,-0.09599218559548575,-0.16376079115542613,-0.1105853813221282,-0.10437918737061871,-0.14448320142573856,-0.09475035500601492,-0.14235600473922236,-0.08221856954411362,-0.12332622386514851,-0.12088840555076508,-0.025942408315638314,-0.03442148295367658,-0.09838796589844886,-0.2269419958120542,-0.3951448798179367,-0.3424939498272083,-0.09609438641976276,-0.00313913330621796,-0.22693935110072436,-0.021956511872747813,-0.02637466980565063,-0.029056359831930344,-0.013593043979247325,-0.12756388216358325,0.023689175764352813,-0.12056616305941152,-0.13052627061031533
Pkt Len Max,0.2725114842690808,-0.005012468111556948,0.07717373732018445,0.0227146787502542,0.046784990129723404,-0.03364289338610065,-0.14610595788871075,-0.1262091073632998,-0.12228498264185114,-0.011312461483490714,0.8157028316847705,-0.24795210959221742,0.6723810519173624,0.7581002822180084,0.9705601083169811,-0.26834512323135545,0.754580839062344,0.956654730835614,-0.26366957394017937,1.0,0.7764127932240968,0.9656094778768862,0.8224788175794346,0.7517503568579811,-0.14768279827078054,0.26366306248115373,0.08897411995949679,-0.16867856923847058,0.2681324814256506,-0.12068169296689418,0.32714222470688575,0.08676759963470305,-0.1704099191808499,0.41918933619464166,0.12331936871632683,0.37586089128628797,0.35311043029028577,-0.03531430740705657,-0.0501240859298179,-0.12523494160945425,0.5585518433445532,0.6971077771737272,-0.37914890168179166,-0.14501680561269797,-0.004781028889130611,0.5585627645305256,-0.0016224666441878824,-0.00011443031087461915,0.008266165262411805,0.0005453415592436095,0.08363790867691702,0.07942705068469808,0.08787612073857697,0.07596715538572038
Pkt Len Mean,0.24108414534693293,0.0008855283099106561,0.20267161033262068,0.013604818972932952,0.18137815172695693,-0.014210693104396358,-0.13850016426201497,-0.1186691566652221,-0.11832972455230961,0.11775627980099475,0.5770826068219349,0.01642004333285384,0.559804205791759,0.5222499775597268,0.759665240695801,-0.02119172431083529,0.949609296215715,0.7455280222267515,-0.0008177307352489951,0.7764127932240968,1.0,0.8659995488980239,0.8763003906620501,0.9927422734881122,-0.149895135947508,0.23096642866061995,0.1058367959963254,-0.16463921682827076,0.23618920591623765,-0.12736541365013576,0.3087401456146641,0.10203259623808444,-0.16541325175194196,0.36879877800629907,0.07540338855366391,0.29340620025913844,0.3530638019221226,-0.013991323343951886,-0.05026498191689442,-0.07006233983501022,0.33952600746388273,0.4670938434985674,-0.376757069600694,-0.1460043530640998,-0.004744102317673883,0.33953520742943416,0.005946430589654075,0.007249116762634043,0.01858112249601523,0.00627019989796394,0.09348334347615896,0.12368294986019825,0.10221576846502196,0.08242854325267025
Pkt Len Std,0.2673342348130362,-0.005205592265850116,0.09134428115371791,0.012551627962320311,0.0653309152892153,-0.027079605659642413,-0.14187184711660597,-0.12211672722111164,-0.11982929387376612,0.012754874339448328,0.7467948725379909,-0.2505645749453286,0.6253673868990164,0.7206177798158762,0.9319245741887637,-0.23943471568902647,0.8573636659686029,0.9524092594159645,-0.2672453068055593,0.9656094778768862,0.8659995488980239,1.0,0.9037715668184482,0.8429325895769927,-0.14745231853618718,0.26320702868202406,0.10007029958499894,-0.1668167876884421,0.261881867889033,-0.12134689987612331,0.3304058713822644,0.09577698694333635,-0.1682205423494568,0.40807210521208664,0.10877250384627134,0.3605995456778602,0.35803590326461887,-0.03125350206699311,-0.049174949344300896,-0.10897911314452988,0.5222188290270262,0.6597860183854004,-0.3545404010088818,-0.14254256076994234,-0.0047106698365311514,0.5222293751707138,-0.0009688152174105786,0.0022719050729746466,0.0104225957614163,0.0003419146536092492,0.09008416187993341,0.0871215249692183,0.09474754624851238,0.08183858705292432
Pkt Len Var,0.29575104761037235,-0.0011016925256516136,0.12301923815206375,0.09398629830024781,0.0882418746276679,-0.022620267933923528,-0.09737234340001637,-0.08442217539791529,-0.08101801819670773,0.02849944277546009,0.5855559046583166,-0.21914151394797465,0.4868035062307384,0.5425410418491838,0.7899791320337107,-0.2381712731617514,0.8798756280085831,0.824569612873576,-0.23431612751308878,0.8224788175794346,0.8763003906620501,0.9037715668184482,1.0,0.8468681770427382,-0.0938640185422157,0.25447755427410446,0.1541445111374124,-0.11072794149472794,0.2902694073816565,-0.06992234697840374,0.32666574954576094,0.14937422830102182,-0.11215744292510502,0.4006557017493363,0.0833802778381273,0.337316461377138,0.3641588696158145,-0.031128949284367696,-0.032733769519574615,-0.08951633764856325,0.3850370196110056,0.5144535093584508,-0.24800557095850667,-0.09584882518791593,-0.0031252257400065753,0.38504431040315723,0.010347698098917744,0.013163168306752534,0.022952723134530634,0.008390169240755144,0.1390117099624985,0.10039035481916518,0.14391875596155743,0.13006349410604945
Pkt Size Avg,0.20300961179746566,-0.0006863234525482302,0.19187209857319285,0.01158561799145187,0.1720987763462998,-0.008512937501096036,-0.15088469028996002,-0.12886200307640408,-0.12982121620889822,0.14289263065817406,0.5564239964094296,0.11184969115334788,0.5772031876456292,0.5014466341914504,0.7333695003861505,0.07839980803517536,0.9437176758079959,0.7147530150052176,0.09834811610569827,0.7517503568579811,0.9927422734881122,0.8429325895769927,0.8468681770427382,1.0,-0.16828029307144102,0.21222621824164786,0.07652639549010638,-0.18124712259449421,0.19855935254477436,-0.14724864884383945,0.287949904474372,0.07312620408654949,-0.1819481010198577,0.3357955020457472,0.06340698783411969,0.26990028929366344,0.3271222706689553,-0.015967290919756155,-0.05569171801682407,-0.07149227192860841,0.320920260067824,0.4243784008385548,-0.4181587803706999,-0.16130050382684144,-0.005251284687628182,0.32093002502038925,-0.0002916583775520576,0.0015248256648128262,0.010840916302587352,0.0015203277314202778,0.06704757460477342,0.11528056049570565,0.07555830462047194,0.056628588066363325
Flow IAT Mean,0.5055213035005902,-0.0035456298829815653,-0.009993630555648829,-0.0045027717919181596,-0.005381693196417106,-0.017518208301663316,-0.05074606991714032,-0.04401607637704008,-0.04226161821125097,-0.11835995533011685,-0.13151829444944585,-0.09864022823696583,-0.1717600654460402,-0.12340091178877517,-0.14033647498318294,-0.1259305729881373,-0.14214830025213,-0.12633110519859445,-0.10278579283387283,-0.14768279827078054,-0.149895135947508,-0.14745231853618718,-0.0938640185422157,-0.16828029307144102,1.0,0.05419797754283052,0.8200699253104631,0.9921756778860273,0.505521664456445,0.990776407305633,0.021628206814428706,0.8205652337694704,0.9891377162258883,-0.002751187515437365,0.04533602158115427,-0.00537218847219069,0.010729519748293642,0.05247954186334507,-0.01710624469223565,-0.026371005805557363,-0.09373173723808388,-0.16328126576803903,0.2475715042341744,-0.04848904206050528,-0.0014646693121353545,-0.09373020182581833,-0.006224927235958702,-0.006128493425267928,-0.007444859319810197,-0.004425721336334226,0.7340622041798982,0.009171048577802087,0.7243715246250079,0.7386010394472087
Flow IAT Std,0.5742204331926466,-0.0021703295280262815,0.01618987774941842,-0.0006827890352956128,0.004627252410140238,-0.019192470935684054,-0.05562965627960091,-0.048250231884321995,-0.04632636244596409,-0.016198900220393164,0.1638285103638504,-0.09108642920110217,0.10824091006159116,0.14682597499099628,0.25518270857491304,-0.07742309549766205,0.23181136006157466,0.24489236928398309,-0.09572628779400744,0.26366306248115373,0.23096642866061995,0.26320702868202406,0.25447755427410446,0.21222621824164786,0.05419797754283052,1.0,0.5314581489522316,-0.060886723310562454,0.554854982302229,0.13228389259116888,0.860290816523251,0.5020109909025112,0.0021139225400627834,0.6058329932356615,0.7112861593224885,0.6382184069690151,0.7616831843539712,0.5172613484475203,-0.018015156558591892,0.16520313364304004,0.09842676368689042,0.15797908527146307,-0.030016041306715716,-0.038021308382274695,-0.0017697972947926226,0.09842998050855861,0.05631029661395801,0.048977503292466515,0.06515730030946913,0.04350439142727802,0.5151932589383573,0.22994612749970156,0.5281518038219686,0.4984783479618155
Flow IAT Max,0.7583239627420163,-0.0028272438611886413,0.028305297116230983,-0.002740418510551136,0.02317002218028187,-0.025115649154781573,-0.07281692965344057,-0.06314665989907929,-0.06062891561274701,-0.0854106236848988,0.01045335997108723,-0.14270526701367434,-0.061057424252777374,-0.002058128890145317,0.09416368524101651,-0.16070124476558112,0.11249064524446567,0.09495160636434699,-0.14891487117358954,0.08897411995949679,0.1058367959963254,0.10007029958499894,0.1541445111374124,0.07652639549010638,0.8200699253104631,0.5314581489522316,1.0,0.7698954225623635,0.7524483483430653,0.8491742284695695,0.5385364321291699,0.9925348690241451,0.780730949029149,0.37725172350383185,0.3280849796296245,0.45176004765370376,0.5237951429698967,0.20181865749793668,-0.024541329852543682,0.03315909307260111,0.002290767878478372,-0.00799187211396417,0.15397741102543983,-0.06246565001909981,-0.0021946240013817884,0.002294013250653191,0.0555450643503701,0.04996412073433995,0.06079461879457091,0.041039807633745005,0.9103374476292528,0.1932980617586314,0.9138842631870006,0.9014439692485106
Flow IAT Min,0.44290004092048396,-0.003271023324490957,-0.011012660238841673,-0.0043490421519496465,-0.005260860770082678,-0.015379837060436023,-0.04454865678522988,-0.0386423308749691,-0.03710213848567222,-0.11495162990023967,-0.14697916539502298,-0.09221139323181714,-0.1814219461045404,-0.13696460963169815,-0.16014688343647104,-0.11799953722494588,-0.15564556177890332,-0.14473138566394586,-0.09599218559548575,-0.16867856923847058,-0.16463921682827076,-0.1668167876884421,-0.11072794149472794,-0.18124712259449421,0.9921756778860273,-0.060886723310562454,0.7698954225623635,1.0,0.4459042555798221,0.9736999717222633,-0.05966112596260862,0.7750077141960616,0.9866842885630123,-0.066558189536517,-0.04297108287043313,-0.057255835933568804,-0.05764143271386633,-0.017316561367588478,-0.015152096504166733,-0.04680415757065466,-0.10195468489859821,-0.1770175032785511,0.24889884444181154,-0.04423818966351323,-0.0012673891900300196,-0.10195348687090944,-0.013677416139404699,-0.011958204607741841,-0.01609358842196703,-0.010566028716373679,0.6842809804194895,-0.01710753865270936,0.6728051207924888,0.6910497673615741
Fwd IAT Tot,0.9968350467059022,0.046283036160722484,0.0690978221378742,0.0449658487923075,0.04938874889571735,-0.02710958711799149,-0.07863211083294486,-0.0681840851289156,-0.06546805132522776,-0.0646003392445519,0.15961688020736234,-0.15686377896199571,-0.00016604375666379469,0.10123116839963459,0.2753488506426981,-0.18389454006258893,0.23679869849751772,0.24582398895079374,-0.16376079115542613,0.2681324814256506,0.23618920591623765,0.261881867889033,0.2902694073816565,0.19855935254477436,0.505521664456445,0.554854982302229,0.7524483483430653,0.4459042555798221,1.0,0.5586552100666854,0.5919243443004346,0.75967429082763,0.45552070001588807,0.8028261795891234,0.3993365216670839,0.588981257555945,0.5987772574247889,0.1271951006252221,-0.026946957090937945,0.013918817753131816,0.09074541237005745,0.13710001090723284,-0.004214259870774149,-0.07353254328799633,-0.0024324311067657955,0.09074958973595348,0.16674682972742388,0.1711893799407971,0.207920244482329,0.11643079305412936,0.7238146976753863,0.2100305361709864,0.7316387609114652,0.7069259987185323
Fwd IAT Mean,0.5555971808902197,-0.003672041704406594,-0.008130440003792656,-0.004472281996972108,-0.004930025761215392,-0.018895386308041804,-0.05473700340632581,-0.04747615256091186,-0.045583829057146474,-0.11836082483233636,-0.11192649330713234,-0.10582158770162917,-0.1595541501063759,-0.10655693180984631,-0.11428833596662351,-0.13036650733741564,-0.12011127227216228,-0.10274173457083059,-0.1105853813221282,-0.12068169296689418,-0.12736541365013576,-0.12134689987612331,-0.06992234697840374,-0.14724864884383945,0.990776407305633,0.13228389259116888,0.8491742284695695,0.9736999717222633,0.5586552100666854,1.0,0.08510329524941355,0.8551376210526972,0.9872504662339191,0.06514180493235401,0.13187690515862543,0.04601431643695826,0.08106083388200733,0.12186213882957844,-0.018461490277941788,-0.011516887112450047,-0.08444384095276368,-0.14960947501771846,0.2419297214578065,-0.051397457142719066,-0.0015935756801576106,-0.08444205785116242,-0.005553036040149387,-0.0039634365013034144,-0.005089363416178482,-0.00444760851874607,0.7646187873382316,0.021583473296227562,0.7554266500721004,0.767977783171083
Fwd IAT Std,0.5910999188302604,-0.0018321952061372746,0.02246973516113116,6.765447153326556e-05,0.009207542470668684,-0.018723478284101137,-0.054277358357092124,-0.04707786096271922,-0.04520075548576128,-0.02182628379477033,0.20391330870872698,-0.10028064680962342,0.1393431601815507,0.18013690545320774,0.3176016481169116,-0.07545219004935783,0.31009128312300205,0.30204857424319775,-0.10437918737061871,0.32714222470688575,0.3087401456146641,0.3304058713822644,0.32666574954576094,0.287949904474372,0.021628206814428706,0.860290816523251,0.5385364321291699,-0.05966112596260862,0.5919243443004346,0.08510329524941355,1.0,0.543533354534296,-0.05946059992338925,0.6412537919729998,0.5746039981261081,0.7468793848559787,0.8065160694371094,0.3358278427400504,-0.01752371009788964,0.1628209333438601,0.11596349955284026,0.17758054462614678,-0.03754394455906213,-0.033871613081375596,-0.001726793433393214,0.11596679013512129,0.05272310635024382,0.05056993803495235,0.06270723736996889,0.03841045726911417,0.5140505865003296,0.2435997423413594,0.5277767727408483,0.4967845933350307
Fwd IAT Max,0.7566258507063075,-0.002733007378501996,0.024355194055807203,-0.002600496593354938,0.019266723124856003,-0.024493653374557285,-0.07100606527951854,-0.06157747150485564,-0.05912250151429933,-0.09429571600947145,0.01235249705798859,-0.1384652612472353,-0.058621306491866074,-0.0016388867369484192,0.09130022732777962,-0.15604166157553453,0.10832502050590007,0.0901140068494271,-0.14448320142573856,0.08676759963470305,0.10203259623808444,0.09577698694333635,0.14937422830102182,0.07312620408654949,0.8205652337694704,0.5020109909025112,0.9925348690241451,0.7750077141960616,0.75967429082763,0.8551376210526972,0.543533354534296,1.0,0.7859107666138553,0.3748534427190416,0.3158580080428892,0.4423984414732087,0.5116734637840568,0.19154700995592866,-0.023922927885972535,0.03532245227496931,-0.001584522444522906,-0.01881384631931767,0.1596537771005591,-0.060644015658036794,-0.002136623097002282,-0.0015813868220336544,0.05331268107146116,0.05040116196116455,0.059358172741423625,0.03820416917881322,0.9043406085565071,0.1891863764591762,0.9076293835096603,0.8956809099326392
Fwd IAT Min,0.45253975826070697,-0.0033232392591759103,-0.011016683540049662,-0.004410689515218643,-0.005348568104550315,-0.015653882384907187,-0.045341682473545586,-0.03932997370004301,-0.03776245169639642,-0.11180278804790976,-0.14800832091062618,-0.09063375729328191,-0.18033010014129278,-0.137249007348093,-0.1622472554783465,-0.11712271653024527,-0.15707971922486305,-0.14678516953453935,-0.09475035500601492,-0.1704099191808499,-0.16541325175194196,-0.1682205423494568,-0.11215744292510502,-0.1819481010198577,0.9891377162258883,0.0021139225400627834,0.780730949029149,0.9866842885630123,0.45552070001588807,0.9872504662339191,-0.05946059992338925,0.7859107666138553,1.0,-0.04981797499263804,0.027824984705838208,-0.0564942904014189,-0.0273880865310202,0.0614806089848574,-0.01544703876328969,-0.039991726761698945,-0.1034703919809462,-0.1796667526029893,0.24823423005699283,-0.04510928750154851,-0.001294383973962833,-0.103469170346613,-0.01376542581749936,-0.0120201159866782,-0.01616500703400542,-0.01064098910772575,0.6976942257141419,-0.015144795331185882,0.6861683134530188,0.7043081778384537
Bwd IAT Tot,0.8071672626739774,0.0002884945778626733,0.08865497328052484,0.0024264864934019845,0.06138876579438147,-0.020365101106504198,-0.05909782779814508,-0.05125693967679623,-0.04921256198455358,0.0201528081262388,0.2681730540864862,-0.13592514572087797,0.09533369620567705,0.1911057499137154,0.42793131193513184,-0.13174377869018525,0.36916507363702333,0.38033041569984943,-0.14235600473922236,0.41918933619464166,0.36879877800629907,0.40807210521208664,0.4006557017493363,0.3357955020457472,-0.002751187515437365,0.6058329932356615,0.37725172350383185,-0.066558189536517,0.8028261795891234,0.06514180493235401,0.6412537919729998,0.3748534427190416,-0.04981797499263804,1.0,0.5119349084780157,0.747784791789197,0.7616729202272873,0.170223864795609,-0.020607952452699824,0.030503397042104093,0.18466291074439276,0.288527379226158,-0.12851095637356338,-0.05641085216965351,-0.001880075583082054,0.18466693868123352,0.040783021821826505,0.05263793961767106,0.07490926806653123,0.02768497239445276,0.4125838404745197,0.18613290682317085,0.42177901036787496,0.3944534983461753
Bwd IAT Mean,0.4087467485248629,-0.0017299143280519512,0.006674031893471202,-0.0009855572171448062,-0.0011020175380493439,-0.013192534845787873,-0.038232211915198225,-0.033164849842576366,-0.031842425557777665,-0.01875894340455381,0.07913456597257183,-0.07746274517517725,0.03488463920843374,0.0645042661459356,0.12569657177805998,-0.002968906020147919,0.08039080557505993,0.10710404127469599,-0.08221856954411362,0.12331936871632683,0.07540338855366391,0.10877250384627134,0.0833802778381273,0.06340698783411969,0.04533602158115427,0.7112861593224885,0.3280849796296245,-0.04297108287043313,0.3993365216670839,0.13187690515862543,0.5746039981261081,0.3158580080428892,0.027824984705838208,0.5119349084780157,1.0,0.39724212383743707,0.6435661026378479,0.896360536092396,-0.013323718466997616,0.20111292560592148,0.05631750333530363,0.0898778275024635,-0.0015504606573889927,-0.028922366470408647,-0.0012164693823313454,0.056319627994813506,0.01515418327700401,0.015148368474258237,0.023030941044290505,0.012054248162358557,0.3519162288375362,0.14115779272405285,0.3608547611211063,0.3398722508955455
Bwd IAT Std,0.597549179757053,-0.0015655917073040247,0.024417885545422905,0.0004581619510567901,0.007940933461248592,-0.017523293616054765,-0.050800147872110436,-0.044063226644774446,-0.042306018822750514,0.01982638926778414,0.20019741174766978,-0.11801548328761867,0.10819390600017945,0.15769062031122363,0.3807415647654564,-0.12800361513948214,0.3052214496476615,0.36002175082559124,-0.12332622386514851,0.37586089128628797,0.29340620025913844,0.3605995456778602,0.337316461377138,0.26990028929366344,-0.00537218847219069,0.6382184069690151,0.45176004765370376,-0.057255835933568804,0.588981257555945,0.04601431643695826,0.7468793848559787,0.4423984414732087,-0.0564942904014189,0.747784791789197,0.39724212383743707,1.0,0.8769362822383527,0.015511904521476412,-0.017701352683977784,0.012773738976939961,0.18413831422987345,0.26438200509977194,-0.12442511758845415,-0.02782767095273226,-0.0016162171639254055,0.18414197044401925,0.03294524214524568,0.0354645057667985,0.043578118674886306,0.02295753649743081,0.4788440555131817,0.24142478027991185,0.49281322169528435,0.4614749449786607
Bwd IAT Max,0.6087482299676199,-0.0007843972309067125,0.05521158766901492,0.0007721100594306074,0.03811206467572841,-0.01763983362909334,-0.051185810966783284,-0.04439772331067512,-0.04262679771671461,0.033668417980329636,0.17826812429769845,-0.11524357453714988,0.0924567259439763,0.13240767560318967,0.362247905598006,-0.09063991709481535,0.35899353294512504,0.33292918233081564,-0.12088840555076508,0.35311043029028577,0.3530638019221226,0.35803590326461887,0.3641588696158145,0.3271222706689553,0.010729519748293642,0.7616831843539712,0.5237951429698967,-0.05764143271386633,0.5987772574247889,0.08106083388200733,0.8065160694371094,0.5116734637840568,-0.0273880865310202,0.7616729202272873,0.6435661026378479,0.8769362822383527,1.0,0.38133192689376094,-0.017843505721072524,0.08314386327613213,0.16026128977958295,0.23234199912508346,-0.09732662981827893,-0.03827122508259142,-0.001628487429358213,0.16026478106594194,0.041665403082372834,0.038646664093191486,0.049573511036070404,0.031180018730969192,0.5547790461951635,0.2959921901643586,0.571698388322104,0.534481277829125
Bwd IAT Min,0.13359509230437394,-0.0010089960054902958,-0.001930556719465461,-0.0011028610585719796,-0.0017090811121048394,-0.005343311658742252,-0.01548192564401328,-0.013431188359010476,-0.0128956901617199,-0.015758911209182342,-0.02549718705274953,-0.023544414294057035,-0.009381058532307618,-0.016863832817359585,-0.033537063290244376,0.06569754760843417,-0.012037368289429348,-0.03941629775032769,-0.025942408315638314,-0.03531430740705657,-0.013991323343951886,-0.03125350206699311,-0.031128949284367696,-0.015967290919756155,0.05247954186334507,0.5172613484475203,0.20181865749793668,-0.017316561367588478,0.1271951006252221,0.12186213882957844,0.3358278427400504,0.19154700995592866,0.0614806089848574,0.170223864795609,0.896360536092396,0.015511904521476412,0.38133192689376094,1.0,-0.005399891644185369,0.21403512999234375,-0.02875089371483606,-0.036938535736307246,0.06069593643190592,-0.0156907037231213,-0.0004926486735028168,-0.02875042632475872,0.004241139918479898,0.0005512610599763606,0.003021869515130475,0.004686641789624797,0.21773498783440468,0.05409502129878779,0.22084738182052727,0.2138254289309296
FIN Flag Cnt,-0.027499030431647947,-0.0010298894785136397,-0.003061868472533466,-0.001341691386933435,-0.0016213331415658346,-0.00452128934130493,0.05676246040168486,0.06898539302860085,-0.008674734037822911,0.0007751196592131518,-0.04435210975866147,-0.033006531439465296,-0.05606044708110459,-0.04038729527803023,-0.04722636501845987,-0.0365888981329195,-0.04637703895485207,-0.04192218187523609,-0.03442148295367658,-0.0501240859298179,-0.05026498191689442,-0.049174949344300896,-0.032733769519574615,-0.05569171801682407,-0.01710624469223565,-0.018015156558591892,-0.024541329852543682,-0.015152096504166733,-0.026946957090937945,-0.018461490277941788,-0.01752371009788964,-0.023922927885972535,-0.01544703876328969,-0.020607952452699824,-0.013323718466997616,-0.017701352683977784,-0.017843505721072524,-0.005399891644185369,1.0,-0.015077725695470827,-0.03171044177709306,-0.05521330972765656,-0.0008252418792913673,-0.014656543413620047,-0.00043862883809217074,-0.03171007223348178,-0.004777644612744763,-0.003971580651854597,-0.005497625380051042,-0.0037806383663865992,-0.020907875783381005,-0.006274707881596011,-0.021138058253187802,-0.02044913209450672
SYN Flag Cnt,0.012900024831279468,-0.001975551690888085,0.022837375077847905,-0.0028021473632582443,0.02510067433323687,0.19583857157818177,0.09165993685423243,0.10714104835967032,0.0024607045683547797,-0.08875809478160009,-0.08885397134097112,-0.07664765501353059,-0.05553246241183259,-0.06138400431450068,-0.13440035071079265,-0.06060938773795674,-0.11343003389850172,-0.12678252661495537,-0.09838796589844886,-0.12523494160945425,-0.07006233983501022,-0.10897911314452988,-0.08951633764856325,-0.07149227192860841,-0.026371005805557363,0.16520313364304004,0.03315909307260111,-0.04680415757065466,0.013918817753131816,-0.011516887112450047,0.1628209333438601,0.03532245227496931,-0.039991726761698945,0.030503397042104093,0.20111292560592148,0.012773738976939961,0.08314386327613213,0.21403512999234375,-0.015077725695470827,1.0,-0.09940795305773738,-0.17292151135623876,0.3107721185103546,-0.025389200228379975,0.029091180390949118,-0.09940679458841567,-0.005043267112539614,-0.007922134236535414,-0.007082815900177184,-0.002479272945752033,0.04793080917657645,0.035482882872093266,0.050456446550307864,0.044565204216502584
RST Flag Cnt,0.09430829499305249,-0.004526945836602309,0.01649283090833651,-0.0015513669096525907,0.00314826853340185,-0.024603194006374906,-0.09008832846751152,-0.07834903550241512,-0.07441891651751444,-0.0045851425821986464,0.40318667414288684,-0.2176131728486549,0.3022547816729361,0.37717847322783005,0.5659580596383023,-0.24123183704849693,0.35002043436441244,0.5778466580035172,-0.2269419958120542,0.5585518433445532,0.33952600746388273,0.5222188290270262,0.3850370196110056,0.320920260067824,-0.09373173723808388,0.09842676368689042,0.002290767878478372,-0.10195468489859821,0.09074541237005745,-0.08444384095276368,0.11596349955284026,-0.001584522444522906,-0.1034703919809462,0.18466291074439276,0.05631750333530363,0.18413831422987345,0.16026128977958295,-0.02875089371483606,-0.03171044177709306,-0.09940795305773738,1.0,0.5743260444539274,-0.3194334599503766,-0.09663108409562769,-0.0028918946946975585,0.9999883463114864,-0.007894563245871124,-0.00833157562139881,-0.006553050454249063,-0.004333213380690744,0.013949690026056293,0.02376256972103197,0.015065723923606791,0.011817009693069546
PSH Flag Cnt,0.14603251665009995,-0.007825447230356485,0.03637235915104361,-0.002703856789572262,0.014902378215806492,-0.04231680822507961,0.02338063269742633,-0.025073391338339718,0.12684357948914937,-0.006120220846260934,0.5119591000303564,-0.37890180142460084,0.3776465197549785,0.4786118493683848,0.7263607908393185,-0.4200259406272718,0.4701191381224438,0.7369388658047822,-0.3951448798179367,0.6971077771737272,0.4670938434985674,0.6597860183854004,0.5144535093584508,0.4243784008385548,-0.16328126576803903,0.15797908527146307,-0.00799187211396417,-0.1770175032785511,0.13710001090723284,-0.14960947501771846,0.17758054462614678,-0.01881384631931767,-0.1796667526029893,0.288527379226158,0.0898778275024635,0.26438200509977194,0.23234199912508346,-0.036938535736307246,-0.05521330972765656,-0.17292151135623876,0.5743260444539274,1.0,-0.555871355566268,-0.1680821936998853,0.00037285900565259944,0.5743193514370988,-0.010830150161869381,-0.012573576384290316,-0.006522123473113853,-0.004508447573649732,-0.00477805123161306,0.04502828849427795,-0.0016878730172222068,-0.009472709803891515
ACK Flag Cnt,-0.008538286164645022,-0.009514976835138854,-0.01386097261678895,-0.011292576328419927,-0.0017626358818605785,0.06088832177655264,0.08118614685733734,0.11500599205593838,-0.03925785861386237,-0.24129634632661057,-0.21385421500743385,-0.31785291892100553,-0.29534657861714514,-0.12706118460907145,-0.4353221254485004,-0.34324374922726075,-0.4143896402283334,-0.37508731956875657,-0.3424939498272083,-0.37914890168179166,-0.376757069600694,-0.3545404010088818,-0.24800557095850667,-0.4181587803706999,0.2475715042341744,-0.030016041306715716,0.15397741102543983,0.24889884444181154,-0.004214259870774149,0.2419297214578065,-0.03754394455906213,0.1596537771005591,0.24823423005699283,-0.12851095637356338,-0.0015504606573889927,-0.12442511758845415,-0.09732662981827893,0.06069593643190592,-0.0008252418792913673,0.3107721185103546,-0.3194334599503766,-0.555871355566268,1.0,0.3020687792182822,-0.004418764117603404,-0.3194485113230932,-0.03634367619583379,-0.03522256086200392,-0.04266634374723687,-0.02648324854301242,0.11367659101198696,-0.028965627124336524,0.1097436459719047,0.11705966688808714
URG Flag Cnt,-0.07515822590581389,-0.0032125344419031356,-0.008477631243380785,-0.00398907314240772,-0.004934061528177736,-0.01421454391399873,0.04947356825127671,0.020595940621726424,0.09406539096991912,0.08839349713200689,-0.12025551922612997,-0.0898187941055698,-0.1519136053602473,-0.10648078329382829,-0.14198689429539607,-0.11149718182112023,-0.14065438123825688,-0.1261666411986813,-0.09609438641976276,-0.14501680561269797,-0.1460043530640998,-0.14254256076994234,-0.09584882518791593,-0.16130050382684144,-0.04848904206050528,-0.038021308382274695,-0.06246565001909981,-0.04423818966351323,-0.07353254328799633,-0.051397457142719066,-0.033871613081375596,-0.060644015658036794,-0.04510928750154851,-0.05641085216965351,-0.028922366470408647,-0.02782767095273226,-0.03827122508259142,-0.0156907037231213,-0.014656543413620047,-0.025389200228379975,-0.09663108409562769,-0.1680821936998853,0.3020687792182822,1.0,0.0299271680718777,-0.09662995798707202,-0.011025320414445554,-0.012102274227365088,-0.014084210103346524,-0.007332338348794541,-0.05421926694833173,-0.0070271407597774695,-0.05351896844694559,-0.053848990843436244
CWE Flag Count,-0.0024838314987740712,-9.303853349913674e-05,-0.00031088464408400546,-0.00012323671912828894,-0.00014847734594720295,-0.00043400540817114603,-0.0012568337621327048,-0.001090277184160731,-0.0010471188553432354,-0.003249174362871986,-0.004183654806796192,-0.0030100940829246203,-0.00529183113460832,-0.0038689535432068155,-0.004520458444872748,-0.0033367948999012713,-0.004394806006267918,-0.004084721112841064,-0.00313913330621796,-0.004781028889130611,-0.004744102317673883,-0.0047106698365311514,-0.0031252257400065753,-0.005251284687628182,-0.0014646693121353545,-0.0017697972947926226,-0.0021946240013817884,-0.0012673891900300196,-0.0024324311067657955,-0.0015935756801576106,-0.001726793433393214,-0.002136623097002282,-0.001294383973962833,-0.001880075583082054,-0.0012164693823313454,-0.0016162171639254055,-0.001628487429358213,-0.0004926486735028168,-0.00043862883809217074,0.029091180390949118,-0.0028918946946975585,0.00037285900565259944,-0.004418764117603404,0.0299271680718777,1.0,-0.0028918609934576135,-0.0004357064862884464,-0.000362195932097006,-0.0005013665159416325,-0.00034478258544218314,-0.0019393226793664906,-0.0005722340471040805,-0.0019598347879362455,-0.0018977277365939483
ECE Flag Cnt,0.09431257093761289,-0.004526844903086579,0.016493316927268395,-0.001551206989095741,0.0031484994582675918,-0.024602775962696756,-0.09009012239851717,-0.07834988204430356,-0.07442209379124953,-0.0045895079313218925,0.4031955783682324,-0.21761063685252066,0.30226446083508074,0.3771867405979525,0.5659686741449167,-0.24122902580780195,0.35002922754194454,0.5778567558830965,-0.22693935110072436,0.5585627645305256,0.33953520742943416,0.5222293751707138,0.38504431040315723,0.32093002502038925,-0.09373020182581833,0.09842998050855861,0.002294013250653191,-0.10195348687090944,0.09074958973595348,-0.08444205785116242,0.11596679013512129,-0.0015813868220336544,-0.103469170346613,0.18466693868123352,0.056319627994813506,0.18414197044401925,0.16026478106594194,-0.02875042632475872,-0.03171007223348178,-0.09940679458841567,0.9999883463114864,0.5743193514370988,-0.3194485113230932,-0.09662995798707202,-0.0028918609934576135,1.0,-0.0078940162130207,-0.00833113436732173,-0.006552401687903521,-0.004332765912751952,0.013952499088301087,0.023763548364294725,0.015068570080487105,0.01181974452834627
Active Mean,0.16938012667317892,0.0011006467097820145,0.018554670898573204,0.0002467907508115007,0.015722168893320426,-0.0047159004959592896,-0.013692349199325713,-0.011878737777257033,-0.011405036639797264,-0.005185884642856832,0.0034248661603129057,-0.021141071171322714,-0.0055418673689892044,0.0013396875721045278,-0.0009948148327158632,-0.03454721794497287,-0.001004357993789512,-0.00363029197520929,-0.021956511872747813,-0.0016224666441878824,0.005946430589654075,-0.0009688152174105786,0.010347698098917744,-0.0002916583775520576,-0.006224927235958702,0.05631029661395801,0.0555450643503701,-0.013677416139404699,0.16674682972742388,-0.005553036040149387,0.05272310635024382,0.05331268107146116,-0.01376542581749936,0.040783021821826505,0.01515418327700401,0.03294524214524568,0.041665403082372834,0.004241139918479898,-0.004777644612744763,-0.005043267112539614,-0.007894563245871124,-0.010830150161869381,-0.03634367619583379,-0.011025320414445554,-0.0004357064862884464,-0.0078940162130207,1.0,0.5511203664620745,0.9482726606113643,0.9084426096078102,0.05184477879946806,0.1495695080953834,0.06470210299308957,0.04042165148033695
Active Std,0.17096700909316073,0.0010762916584130392,0.008116573644437252,3.9662435548245264e-05,0.006376132395469217,-0.003925959549433218,-0.011382268464139658,-0.00987462754032523,-0.009481025496596603,-0.013480194060131415,-0.002109742692777595,-0.02530777413559957,-0.015549106146902405,-0.0048301995690041375,0.0014065955098828157,-0.027461857024116083,0.005373235119695299,0.00042376177973750724,-0.02637466980565063,-0.00011443031087461915,0.007249116762634043,0.0022719050729746466,0.013163168306752534,0.0015248256648128262,-0.006128493425267928,0.048977503292466515,0.04996412073433995,-0.011958204607741841,0.1711893799407971,-0.0039634365013034144,0.05056993803495235,0.05040116196116455,-0.0120201159866782,0.05263793961767106,0.015148368474258237,0.0354645057667985,0.038646664093191486,0.0005512610599763606,-0.003971580651854597,-0.007922134236535414,-0.00833157562139881,-0.012573576384290316,-0.03522256086200392,-0.012102274227365088,-0.000362195932097006,-0.00833113436732173,0.5511203664620745,1.0,0.7726776512861226,0.15264636873342205,0.04254969061350254,0.1864014271529231,0.057901024580314896,0.02810675319305846
Active Max,0.20980916798817428,0.0013249041032737834,0.022401614667722395,0.00045623846110911165,0.018657678186631763,-0.005427822472000505,-0.01575585584284762,-0.013668849254337046,-0.013123794391598472,-0.007415424810451566,0.011667639992743001,-0.027937582953741255,-0.004852063215050565,0.007442938271029098,0.009166288605471326,-0.03887829300387957,0.011377810019127223,0.005695131988213101,-0.029056359831930344,0.008266165262411805,0.01858112249601523,0.0104225957614163,0.022952723134530634,0.010840916302587352,-0.007444859319810197,0.06515730030946913,0.06079461879457091,-0.01609358842196703,0.207920244482329,-0.005089363416178482,0.06270723736996889,0.059358172741423625,-0.01616500703400542,0.07490926806653123,0.023030941044290505,0.043578118674886306,0.049573511036070404,0.003021869515130475,-0.005497625380051042,-0.007082815900177184,-0.006553050454249063,-0.006522123473113853,-0.04266634374723687,-0.014084210103346524,-0.0005013665159416325,-0.006552401687903521,0.9482726606113643,0.7726776512861226,1.0,0.7382961610283064,0.055749569005132074,0.18042457496612263,0.07116428740002824,0.04155157657445267
Active Min,0.1196637029158743,0.000778803798068649,0.018874341397839778,0.0002872128022472887,0.016261728475361115,-0.0037287838193690685,-0.010834906423962828,-0.009399855937523518,-0.009024913469950307,0.0007343671887958565,0.007174884337948217,-0.013128812248202552,0.0018961572603592503,0.005589799159255066,0.0005960538552544614,-0.028007040348497932,-0.0011431032637768776,-0.002235334349155589,-0.013593043979247325,0.0005453415592436095,0.00627019989796394,0.0003419146536092492,0.008390169240755144,0.0015203277314202778,-0.004425721336334226,0.04350439142727802,0.041039807633745005,-0.010566028716373679,0.11643079305412936,-0.00444760851874607,0.03841045726911417,0.03820416917881322,-0.01064098910772575,0.02768497239445276,0.012054248162358557,0.02295753649743081,0.031180018730969192,0.004686641789624797,-0.0037806383663865992,-0.002479272945752033,-0.004333213380690744,-0.004508447573649732,-0.02648324854301242,-0.007332338348794541,-0.00034478258544218314,-0.004332765912751952,0.9084426096078102,0.15264636873342205,0.7382961610283064,1.0,0.04055960435158039,0.08356281025999714,0.04805870289555927,0.034208527535969376
Idle Mean,0.7286244280809576,-0.0026258560552175447,0.028131674482264262,-0.002746066794003287,0.022403407540148884,-0.021029319561059006,-0.0609621136602939,-0.05287268037574431,-0.05076477052950033,-0.06754562809307024,-0.007233768658627771,-0.12212889522541195,-0.07893374253405731,-0.026024347818817975,0.09292593221481124,-0.12856669925827366,0.10451746470042222,0.08696103301973444,-0.12756388216358325,0.08363790867691702,0.09348334347615896,0.09008416187993341,0.1390117099624985,0.06704757460477342,0.7340622041798982,0.5151932589383573,0.9103374476292528,0.6842809804194895,0.7238146976753863,0.7646187873382316,0.5140505865003296,0.9043406085565071,0.6976942257141419,0.4125838404745197,0.3519162288375362,0.4788440555131817,0.5547790461951635,0.21773498783440468,-0.020907875783381005,0.04793080917657645,0.013949690026056293,-0.00477805123161306,0.11367659101198696,-0.05421926694833173,-0.0019393226793664906,0.013952499088301087,0.05184477879946806,0.04254969061350254,0.055749569005132074,0.04055960435158039,1.0,0.12917701016362726,0.9959846583300032,0.9966918653943705
Idle Std,0.21682551096400535,0.0001901428683293764,0.02227971631331036,0.000765532950324467,0.01625277899384166,-0.00619809883927421,-0.01798312958762484,-0.015601016695739553,-0.014978891095850086,0.01853229994893846,0.04744540178797189,0.021990163662759896,0.054151980918974926,0.028505525478231063,0.07823374246028056,-0.04140977550843644,0.09649586679647977,0.07181069115074537,0.023689175764352813,0.07942705068469808,0.12368294986019825,0.0871215249692183,0.10039035481916518,0.11528056049570565,0.009171048577802087,0.22994612749970156,0.1932980617586314,-0.01710753865270936,0.2100305361709864,0.021583473296227562,0.2435997423413594,0.1891863764591762,-0.015144795331185882,0.18613290682317085,0.14115779272405285,0.24142478027991185,0.2959921901643586,0.05409502129878779,-0.006274707881596011,0.035482882872093266,0.02376256972103197,0.04502828849427795,-0.028965627124336524,-0.0070271407597774695,-0.0005722340471040805,0.023763548364294725,0.1495695080953834,0.1864014271529231,0.18042457496612263,0.08356281025999714,0.12917701016362726,1.0,0.2130853544478362,0.051086222476051206
Idle Max,0.736953643475507,-0.0025718256805187813,0.029601954340941653,-0.002625562452367854,0.02349138872640249,-0.021251433199309246,-0.06160727599465702,-0.05343190587442938,-0.051301689380874996,-0.06547782333582992,-0.003563414610446721,-0.11551853477535383,-0.07170909340726801,-0.023643963845516997,0.09667938463985369,-0.12997878913577315,0.10971621467569623,0.09028416758883401,-0.12056616305941152,0.08787612073857697,0.10221576846502196,0.09474754624851238,0.14391875596155743,0.07555830462047194,0.7243715246250079,0.5281518038219686,0.9138842631870006,0.6728051207924888,0.7316387609114652,0.7554266500721004,0.5277767727408483,0.9076293835096603,0.6861683134530188,0.42177901036787496,0.3608547611211063,0.49281322169528435,0.571698388322104,0.22084738182052727,-0.021138058253187802,0.050456446550307864,0.015065723923606791,-0.0016878730172222068,0.1097436459719047,-0.05351896844694559,-0.0019598347879362455,0.015068570080487105,0.06470210299308957,0.057901024580314896,0.07116428740002824,0.04805870289555927,0.9959846583300032,0.2130853544478362,1.0,0.9859970083369669
Idle Min,0.7112506234348388,-0.002663161566754754,0.026114073335219812,-0.002839557244248828,0.020965125392554865,-0.02057848207408036,-0.05965386418568253,-0.05173866389737182,-0.0496759775412175,-0.0692284768199725,-0.012856316118407696,-0.12490094020566153,-0.08460984563779651,-0.029627392258376704,0.08547059196728088,-0.12544587767314427,0.09594815018520511,0.08011628364850158,-0.13052627061031533,0.07596715538572038,0.08242854325267025,0.08183858705292432,0.13006349410604945,0.056628588066363325,0.7386010394472087,0.4984783479618155,0.9014439692485106,0.6910497673615741,0.7069259987185323,0.767977783171083,0.4967845933350307,0.8956809099326392,0.7043081778384537,0.3944534983461753,0.3398722508955455,0.4614749449786607,0.534481277829125,0.2138254289309296,-0.02044913209450672,0.044565204216502584,0.011817009693069546,-0.009472709803891515,0.11705966688808714,-0.053848990843436244,-0.0018977277365939483,0.01181974452834627,0.04042165148033695,0.02810675319305846,0.04155157657445267,0.034208527535969376,0.9966918653943705,0.051086222476051206,0.9859970083369669,1.0
