,Flow IAT Mean,Flow IAT Mean,Flow IAT Mean,Flow IAT Mean,Flow IAT Std,Flow IAT Std,Flow IAT Std,Flow IAT Std,Flow IAT Max,Flow IAT Max,Flow IAT Max,Flow IAT Max,Flow IAT Min,Flow IAT Min,Flow IAT Min,Flow IAT Min,Fwd IAT Tot,Fwd IAT Tot,Fwd IAT Tot,Fwd IAT Tot,Fwd IAT Mean,Fwd IAT Mean,Fwd IAT Mean,Fwd IAT Mean,Fwd IAT Std,Fwd IAT Std,Fwd IAT Std,Fwd IAT Std,Fwd IAT Max,Fwd IAT Max,Fwd IAT Max,Fwd IAT Max,Fwd IAT Min,Fwd IAT Min,Fwd IAT Min,Fwd IAT Min,Bwd IAT Tot,Bwd IAT Tot,Bwd IAT Tot,Bwd IAT Tot,Bwd IAT Mean,Bwd IAT Mean,Bwd IAT Mean,Bwd IAT Mean,Bwd IAT Std,Bwd IAT Std,Bwd IAT Std,Bwd IAT Std,Bwd IAT Max,Bwd IAT Max,Bwd IAT Max,Bwd IAT Max,Bwd IAT Min,Bwd IAT Min,Bwd IAT Min,Bwd IAT Min
,count,mean,median,std,count,mean,median,std,count,mean,median,std,count,mean,median,std,count,mean,median,std,count,mean,median,std,count,mean,median,std,count,mean,median,std,count,mean,median,std,count,mean,median,std,count,mean,median,std,count,mean,median,std,count,mean,median,std,count,mean,median,std
Label,,,,,,,,,,,,,,,,,,,,,,,,,,,,,,,,,,,,,,,,,,,,,,,,,,,,,,,,
Benign,252602,3770369.867918244,18381.33333333335,14998919.31270765,252602,1147381.3875352466,117.18589218909858,3732554.2447235174,252602,6984777.175643899,31341.5,18535200.09867937,252602,3265536.816901687,54.0,14996161.955388164,252602,13893904.421120973,24106.5,33174808.640024826,252602,4154434.362865534,16829.0,15127563.44077852,252602,1329606.997902571,0.0,4486649.761509372,252602,6803045.301133799,22654.0,18459723.607357744,252602,3347987.476809368,29.0,15090960.391606983,252602,8993405.053701079,0.0,27919940.29051806,252602,941090.1058717362,0.0,4445997.911725755,252602,972080.2268218314,0.0,3564957.8720168103,252602,3004432.6868274994,0.0,10849991.425515153,252602,327072.63483266166,0.0,3943713.9182301518
Bot,5678,2263.8167657264703,1451.333333,37850.85888990626,5678,6698.874762689151,2797.9489430000003,170224.4379461935,5678,27184.79411764706,7635.0,808564.8609509341,5678,268.6902078196548,36.0,263.73303276753046,5678,65278.859457555474,527.0,2420663.2081957795,5678,1579.7259134677704,449.5,38374.069590610976,5678,4816.972676173758,179.95867579999998,170226.1622581488,5678,22350.31859809792,503.0,808676.855745178,5678,382.94346600915816,378.0,6635.8046352951,5678,5677.087530820711,49.0,14997.643800391297,5678,1902.054172087883,49.0,7064.308900520755,5678,2920.4807968922155,0.0,3393.5235554854007,5678,5283.545790771398,49.0,9079.100078200476,5678,99.30309968298697,0.0,6635.028599778693
Brute Force -Web,16,3651842.8319893973,715348.7857142859,7073847.498022491,16,3628832.0567395445,1862336.4613433252,5870560.754910075,16,9884458.5,4938399.0,16075322.18573244,16,750500.125,24.5,1612473.1237687392,16,24811513.5625,2537670.5,37119480.17310353,16,3640970.1705592102,197566.77741228035,7088348.718646548,16,3405682.6771353562,261685.7101894826,5997142.780900764,16,8967661.8125,606445.0,16491057.494081572,16,750677.4375,390.0,1612385.1050229063,16,8023381.125,1598.0,19092912.38866047,16,382115.636023463,799.0,664880.273924891,16,611589.8950302233,367.3419728264,1145241.5071632643,16,1102594.9375,1068.0,1985897.4449703915,16,421.6875,13.0,555.4134458521268
Brute Force -XSS,5,226870.79318394017,187803.160130719,309967.92362152017,5,515370.1137774849,362939.613289066,767503.5372777508,5,1397675.6,1017490.0,2046435.6267517433,5,14.8,17.0,6.300793600809346,5,23252991.4,341909.0,31686115.719196253,5,137685.8620462046,113969.666666667,143942.79964905948,5,195580.70501070732,147186.834752071,209036.26931387009,5,465223.0,280273.0,521250.6970067282,5,247.2,368.0,218.77202746237919,5,24242143.8,5284430.0,30860414.01301394,5,577394.9236245962,557939.223300971,719252.1541290048,5,734522.5820838872,427507.79561777,1180691.7670744655,5,1410689.2,1020057.0,2072796.42358619,5,54.0,36.0,81.02777301641703
DDOS attack-HOIC,7524,7841.146619704413,3354.6666665000002,8735.411711985467,7524,1706.5266125688065,0.0,2592.128578334402,7524,11138.74202551834,9963.5,8239.096028818652,7524,6980.464646464647,2023.5,9299.026752080166,7524,10915.640350877193,9873.0,7970.390370378748,7524,8947.112373737375,6487.75,8186.331315230888,7524,2582.9679373035574,0.0,3823.486431186127,7524,10773.546517809677,9719.5,8005.661455112368,7524,7120.678229665072,2033.0,9195.67691697846,7524,5173.032562466773,0.0,8158.61190085339,7524,1724.3441874929028,0.0,2719.5373003063955,7524,2348.426923309915,0.0,3466.736661187698,7524,4287.977006911217,0.0,6375.120272181784,7524,12.950956937799043,0.0,32.96833218264907
DDOS attack-LOIC-UDP,38,1058.2775675447367,1040.997875,177.183015989494,38,21397.58343368421,20390.71462,3503.569871565456,38,715652.7631578947,678148.5,109460.04721788854,38,0.23684210526315788,0.0,0.43085148418274605,38,118742105.26315789,120000000.0,7424416.678476983,38,1058.2775675447367,1040.997875,177.183015989494,38,21397.58343368421,20390.71462,3503.569871565456,38,715652.7631578947,678148.5,109460.04721788854,38,0.23684210526315788,0.0,0.43085148418274605,38,0.0,0.0,0.0,38,0.0,0.0,0.0,38,0.0,0.0,0.0,38,0.0,0.0,0.0,38,0.0,0.0,0.0
DDoS attacks-LOIC-HTTP,11559,11125286.434647035,309888.5,15426189.886279445,11559,264482.6242665942,107167.7502,276537.140486028,11559,11665758.195605157,1741011.0,15050020.233271617,11559,11017260.705424344,13.0,15502744.121066313,11559,11122066.563197508,2752.0,15825934.285766436,11559,11017398.4368243,1227.5,15502646.23303396,11559,171.54338492119484,82.02438662,661.5627391880408,11559,11018143.590362487,2517.0,15502131.264519682,11559,11017289.456094818,458.0,15502723.687438503,11559,648157.1474175967,263054.0,677760.5684772898,11559,216052.38247263254,87684.66667,225920.18949261837,11559,373957.654967999,151479.5182,391057.68670266256,11559,647861.429275889,262598.0,677474.6193528993,11559,15.931049398736915,15.0,32.83546639109685
DoS attacks-GoldenEye,870,5936605.035316308,1642917.714285715,12558359.49365598,870,3422054.3842634377,1889539.76475876,11620962.488593807,870,10269365.052873563,5004967.0,18077416.37731896,870,3833617.3413793105,6.0,10285928.8579118,870,9500108.404597702,4745371.0,18916603.370602928,870,7410918.195333111,1909037.5,18795700.04937874,870,1258085.7745104241,15825.44146969455,1762424.9143807013,870,9121929.095402298,4151284.5,18524131.258227192,870,6698064.437931035,291.5,19022137.73254064,870,4952618.824137931,5006806.5,6566960.338782346,870,1798370.5999042143,1669096.0,2588227.1957555157,870,2080191.389810889,2872213.17784316,2247306.5652105445,870,3671300.9701149426,5002027.5,4345952.107260217,870,86819.02413793103,328.5,1132487.543923821
DoS attacks-Hulk,9202,52430.23940676319,11205.083335,429804.237252589,9202,108379.80446953769,0.0,1284754.3187055676,9202,332654.7217996088,13199.5,3856228.64118131,9202,14350.571506194306,7529.5,15667.654565425795,9202,339235.2895022821,12400.5,3866924.176119898,9202,98031.30179098707,11941.5,951227.5196908704,9202,160769.3001182881,0.0,1901737.3326398472,9202,332352.43175396655,12341.0,3856253.088799726,9202,14513.896761573571,7762.0,15601.436170399798,9202,293886.96239947836,0.0,3746492.1489125607,9202,74983.43228830554,0.0,959962.7675727864,9202,146168.48501079265,0.0,1887109.3782808764,9202,290625.92555966094,0.0,3736436.835521392,9202,49.05868289502282,0.0,1141.3641875872938
DoS attacks-SlowHTTPTest,2868,4.926778242677824,3.0,6.414379975315087,2868,0.0,0.0,0.0,2868,4.926778242677824,3.0,6.414379975315087,2868,4.926778242677824,3.0,6.414379975315087,2868,0.0,0.0,0.0,2868,0.0,0.0,0.0,2868,0.0,0.0,0.0,2868,0.0,0.0,0.0,2868,0.0,0.0,0.0,2868,0.0,0.0,0.0,2868,0.0,0.0,0.0,2868,0.0,0.0,0.0,2868,0.0,0.0,0.0,2868,0.0,0.0,0.0
DoS attacks-Slowloris,206,12172476.036982113,6350934.79411765,13692601.60787414,206,21659674.26796637,13502381.81038245,23108126.35183792,206,50968013.76213592,53247542.5,37679671.886139624,206,203508.2718446602,2.0,409272.0703142603,206,75485428.74757281,105702973.5,47175950.07888233,206,29814308.941285253,7711848.750000006,42372073.59784169,206,7212871.39788253,712967.9892958025,8383204.641777,206,50967930.22330097,53247542.5,37679787.210399665,206,25960671.398058254,376.0,44464308.28245492,206,72736781.69417475,105271592.5,49041517.140644535,206,48232557.09546925,53297517.75,38158519.843827486,206,14700169.903069021,0.0,16307010.739154693,206,58882985.83009709,75640269.5,41192619.45568441,206,37907153.64563107,30997462.0,38616191.21589856
FTP-BruteForce,3866,3.9309363683393688,2.0,5.985635241093214,3866,0.0,0.0,0.0,3866,3.9309363683393688,2.0,5.985635241093214,3866,3.9309363683393688,2.0,5.985635241093214,3866,0.0,0.0,0.0,3866,0.0,0.0,0.0,3866,0.0,0.0,0.0,3866,0.0,0.0,0.0,3866,0.0,0.0,0.0,3866,0.0,0.0,0.0,3866,0.0,0.0,0.0,3866,0.0,0.0,0.0,3866,0.0,0.0,0.0,3866,0.0,0.0,0.0
Infilteration,1804,1288732.4493820474,826.3,7082782.132756592,1804,1043582.9837906029,0.0,3259286.787046737,1804,4271837.328159645,877.5,13417823.846570041,1804,800904.2671840355,227.5,6948234.690729556,1804,11404532.570953436,0.0,32294641.89966874,1804,1610773.130854519,0.0,7327756.953002548,1804,1212753.9031699148,0.0,4169700.717075628,1804,4090621.399667406,0.0,13283409.149541745,1804,840400.269955654,0.0,6954252.93962818,1804,9438729.81707317,0.0,29343598.627538323,1804,890354.6185501779,0.0,3161571.360354034,1804,1061561.1176735829,0.0,3917786.490429275,1804,3125703.516075388,0.0,11302229.75613274,1804,213242.1197339246,0.0,2026408.24123781
SQL Injection,3,238479.80952380967,45.0,412989.8646725509,3,622989.21419823,0.0,1079048.9715587446,3,1651213.0,45.0,2859915.528090297,3,32.0,35.0,14.730919862656235,3,18012.333333333332,45.0,31128.994865451943,3,6021.8888888889005,45.0,10360.93668724201,3,10239.0505979875,0.0,17734.555856982846,3,17844.666666666668,45.0,30838.587683831003,3,42.666666666666664,45.0,6.806859285554045,3,1669160.0,0.0,2891069.925961667,3,556386.6666666666,0.0,963689.9753205557,3,963023.4504473101,0.0,1668005.5450550301,3,1668390.3333333333,0.0,2889736.8241901086,3,161.0,0.0,278.86018001858923
SSH-Bruteforce,3759,4390.846051300675,6805.0697674419,4320.098034159968,3759,10567.1549670037,13967.4929054114,10716.853689911804,3759,52293.22772013833,43876.0,56432.12760935141,3759,5.337855812716148,6.0,2.180695891454985,3759,187150.3921255653,288540.0,184278.27007038152,3759,8731.718868208243,13792.1428571429,8598.322438084846,3759,14615.372547132863,18220.1365827862,14887.613556965824,3759,53951.85820696994,49491.0,57513.558706171825,3759,120.42298483639266,105.0,127.67917051677028,3759,187337.49162011174,289043.0,184458.16764112943,3759,9273.824881548557,13934.0,9173.592552993754,3759,19106.702351698787,26230.5819648418,19186.397434016264,3759,72219.79728651237,87803.0,74166.19535125598,3759,5.75658419792498,7.0,6.51310290548608
