,Fwd Pkt Len Max,Fwd Pkt Len Max,Fwd Pkt Len Max,Fwd Pkt Len Max,Fwd Pkt Len Min,Fwd Pkt Len Min,Fwd Pkt Len Min,Fwd Pkt Len Min,Fwd Pkt Len Mean,Fwd Pkt Len Mean,Fwd Pkt Len Mean,Fwd Pkt Len Mean,Fwd Pkt Len Std,Fwd Pkt Len Std,Fwd Pkt Len Std,Fwd Pkt Len Std,Bwd Pkt Len Max,Bwd Pkt Len Max,Bwd Pkt Len Max,Bwd Pkt Len Max,Bwd Pkt Len Min,Bwd Pkt Len Min,Bwd Pkt Len Min,Bwd Pkt Len Min,Bwd Pkt Len Mean,Bwd Pkt Len Mean,Bwd Pkt Len Mean,Bwd Pkt Len Mean,Bwd Pkt Len Std,Bwd Pkt Len Std,Bwd Pkt Len Std,Bwd Pkt Len Std,Pkt Len Min,Pkt Len Min,Pkt Len Min,Pkt Len Min,Pkt Len Max,Pkt Len Max,Pkt Len Max,Pkt Len Max,Pkt Len Mean,Pkt Len Mean,Pkt Len Mean,Pkt Len Mean,Pkt Len Std,Pkt Len Std,Pkt Len Std,Pkt Len Std,Pkt Len Var,Pkt Len Var,Pkt Len Var,Pkt Len Var,Pkt Size Avg,Pkt Size Avg,Pkt Size Avg,Pkt Size Avg
,count,mean,median,std,count,mean,median,std,count,mean,median,std,count,mean,median,std,count,mean,median,std,count,mean,median,std,count,mean,median,std,count,mean,median,std,count,mean,median,std,count,mean,median,std,count,mean,median,std,count,mean,median,std,count,mean,median,std,count,mean,median,std
Label,,,,,,,,,,,,,,,,,,,,,,,,,,,,,,,,,,,,,,,,,,,,,,,,,,,,,,,,
Benign,252602,211.95293782313678,44.0,302.5916233309052,252602,13.414561246545949,0.0,25.37746634087254,252602,53.88728916792178,40.0,59.64328629805569,252602,71.68074180783772,0.0,112.91729832842485,252602,377.2083039722568,104.0,513.8567995213247,252602,32.2119539829455,0.0,54.7661204753741,252602,123.90142450746299,79.0,171.62208880595347,252602,135.6806661834825,0.0,207.6791159141818,252602,13.261423108288929,0.0,23.994588737691185,252602,408.9136903112406,106.0,525.9037248065786,252602,84.5576348699491,56.3333333333,107.96815999137914,252602,125.55402333055449,36.95041722813605,164.30855814294955,252602,42761.00817627681,1365.3333333333333,86462.96281408453,252602,97.76148634396976,78.5,111.58750055405054
Bot,5678,160.01497005988023,0.0,163.61606466278926,5678,0.0,0.0,0.0,5678,53.17150406674885,0.0,54.60487516180264,5678,92.15455704817893,0.0,94.55021446431661,5678,59.42673476576259,112.0,64.38025443227869,5678,0.0,0.0,0.0,5678,18.03705405806798,9.923076923,23.802568283013656,5678,29.521965618620992,31.02810967,36.16704845862057,5678,0.0,0.0,0.0,5678,163.489080662205,112.0,164.4732014672325,5678,28.41545398513068,8.907142857,28.417043354647813,5678,57.744934982039446,29.43322123,57.74921242258703,5678,6668.861699976259,866.5598901,6787.710748256023,5678,32.47103088186263,9.568681318500001,32.47607574739355
Brute Force -Web,16,416.75,573.0,295.4814150952081,16,93.75,0.0,201.55644370746373,16,193.18680555555,145.35,189.66409216151249,16,148.65839481047502,135.70859222215,154.29886205269662,16,270.0,182.0,356.8215240144574,16,0.0,0.0,0.0,16,126.9471153846125,45.5,228.47198016010984,16,119.569189148775,91.0,135.26245645417671,16,93.75,0.0,201.55644370746373,16,469.5,573.0,365.90162612374377,16,197.6022286821625,112.2222222222,214.349784849499,16,132.024800495275,116.7887456526,141.69778984442706,16,36253.9201146955,27279.22222222225,43788.80158065581,16,218.72799124513125,126.25,237.0900602390515
Brute Force -XSS,5,345.0,365.0,340.183773863481,5,0.0,0.0,0.0,5,129.00172413794002,91.25,140.03962258951614,5,153.41355291112,182.5,147.04427803019536,5,935.8,809.0,970.0931398582303,5,0.0,0.0,0.0,5,771.0615384615401,202.25,967.036913411733,5,209.07109510962,320.3630432217,193.91655073064422,5,0.0,0.0,0.0,5,935.8,809.0,970.0931398582303,5,345.78434343434003,130.4444444444,417.3569279661464,5,373.98645246448,281.6390025863,400.41509083082667,5,268131.66259900073,79320.5277777778,332530.232956929,5,350.0868078176,146.75,416.7234347159777
DDOS attack-HOIC,7524,131.06379585326954,0.0,149.72449748326378,7524,0.0,0.0,0.0,7524,43.68793195049043,0.0,49.908165826968116,7524,75.66971781697235,0.0,86.44347892635301,7524,409.8391812865497,0.0,463.9613020277209,7524,0.0,0.0,0.0,7524,102.45979532163743,0.0,115.99032550693022,7524,204.91959064327486,0.0,231.98065101386044,7524,0.0,0.0,0.0,7524,409.8391812865497,0.0,463.9613020277209,7524,67.6128721424774,0.0,76.58277323739595,7524,145.7611217765816,0.0,165.01422562289164,7524,48472.38023458267,0.0,54879.258949383715,7524,77.27185387624932,0.0,87.52316941306326
DDOS attack-LOIC-UDP,38,32.0,32.0,0.0,38,32.0,32.0,0.0,38,32.0,32.0,0.0,38,0.0,0.0,0.0,38,0.0,0.0,0.0,38,0.0,0.0,0.0,38,0.0,0.0,0.0,38,0.0,0.0,0.0,38,32.0,32.0,0.0,38,32.0,32.0,0.0,38,32.0,32.0,0.0,38,0.0,0.0,0.0,38,0.0,0.0,0.0,38,32.000287887368415,32.00027817,5.918893005928669e-05
DDoS attacks-LOIC-HTTP,11559,10.069383164633619,20.0,10.018447920128322,11559,0.03045246128557834,0.0,0.9867297707898689,11559,3.3767626959022405,6.666666667,3.446986404705246,11559,5.79597934205035,11.54700538,5.773708693131706,11559,483.87645990137554,964.0,482.017198140335,11559,0.0,0.0,0.0,11559,120.96911497534389,241.0,120.50429953508375,11559,241.93822995068777,482.0,241.0085990701675,11559,0.03045246128557834,0.0,0.9867297707898689,11559,483.9069123626611,964.0,481.98763462415167,11559,61.76987628687603,123.0,61.479533079073924,11559,170.60529088092397,339.8873763,169.94975187489166,11559,57986.584716428755,115523.4286,57763.77528354446,11559,70.58979439590362,140.5714286,70.26457140183174
DoS attacks-GoldenEye,870,282.11494252873564,350.5,207.14368663104688,870,0.0,0.0,0.0,870,73.70732886844976,81.325,64.07589081055177,870,138.9513113945839,169.5,104.05407089274442,870,577.2252873563218,662.0,436.02176052853775,870,0.0,0.0,0.0,870,158.4152107279715,220.6666666667,122.39088959278465,870,301.70143611791286,382.2058782035,228.9561348716733,870,0.0,0.0,0.0,870,589.851724137931,662.0,425.5477210774014,870,99.46459987068023,130.94444444445,71.80349471185524,870,208.1537120073976,261.09035943505,147.38275973518012,870,65024.67824379282,68168.25,49650.233191000814,870,112.13078528986448,148.29166666665,80.27413386670393
DoS attacks-Hulk,9202,19.5596609432732,0.0,80.47627878604635,9202,0.0,0.0,0.0,9202,5.827642368885026,0.0,24.552895579799557,9202,10.480777603477504,0.0,43.33115388017203,9202,52.53151488806781,0.0,215.3194015057268,9202,0.0,0.0,0.0,9202,12.221790552792871,0.0,50.41424879404799,9202,25.299576874766355,0.0,103.867598329393,9202,0.0,0.0,0.0,9202,52.53151488806781,0.0,215.3194015057268,9202,8.237672655770485,0.0,34.03950944605044,9202,17.9624412959248,0.0,73.76864999716187,9202,5763.871646767007,0.0,23800.885380019703,9202,9.29769032917844,0.0,38.48696989624202
DoS attacks-SlowHTTPTest,2868,0.0,0.0,0.0,2868,0.0,0.0,0.0,2868,0.0,0.0,0.0,2868,0.0,0.0,0.0,2868,0.0,0.0,0.0,2868,0.0,0.0,0.0,2868,0.0,0.0,0.0,2868,0.0,0.0,0.0,2868,0.0,0.0,0.0,2868,0.0,0.0,0.0,2868,0.0,0.0,0.0,2868,0.0,0.0,0.0,2868,0.0,0.0,0.0,2868,0.0,0.0,0.0
DoS attacks-Slowloris,206,109.98058252427184,8.0,112.82812143688328,206,2.4466019417475726,0.0,3.6950280512214357,206,80.56773578364661,8.0,82.64284541682704,206,48.709634709974274,0.0,52.166462611300005,206,2.504854368932039,0.0,35.95142353744748,206,0.0,0.0,0.0,206,1.2524271844660195,0.0,17.97571176872374,206,1.771199510156796,0.0,25.42149537664166,206,0.0,0.0,0.0,206,112.48543689320388,8.0,116.05615664064722,206,63.39625298620048,5.3333333333,65.48466847199613,206,56.49313957676165,4.6188021535,58.187015891347976,206,6560.768060793206,21.3333333333,7930.710692530423,206,67.6126707879699,8.0,69.04105341985694
FTP-BruteForce,3866,0.0,0.0,0.0,3866,0.0,0.0,0.0,3866,0.0,0.0,0.0,3866,0.0,0.0,0.0,3866,0.0,0.0,0.0,3866,0.0,0.0,0.0,3866,0.0,0.0,0.0,3866,0.0,0.0,0.0,3866,0.0,0.0,0.0,3866,0.0,0.0,0.0,3866,0.0,0.0,0.0,3866,0.0,0.0,0.0,3866,0.0,0.0,0.0,3866,0.0,0.0,0.0
Infilteration,1804,131.5870288248337,34.0,243.02925028229768,1804,11.971175166297117,0.0,25.162659976169923,1804,36.015371078141904,26.494485295,49.68806912415317,1804,40.435671159135254,0.0,81.60212074200527,1804,274.0360310421286,46.0,489.42528503059384,1804,27.452328159645234,0.0,51.85117200062017,1804,88.8724308897173,34.670588235,150.2067858251536,1804,95.28569775615077,0.0,200.9565831117003,1804,11.956762749445677,0.0,24.99214105530505,1804,281.8830376940133,50.5,490.8020953447129,1804,58.17077540807927,33.142857145,86.68028640542028,1804,84.16799182487694,9.237604307,148.56074912549357,1804,29142.31293827121,85.33333333,72282.34553282421,1804,68.53140275673614,41.0,92.46471067766927
SQL Injection,3,169.66666666666666,0.0,293.87128701751953,3,0.0,0.0,0.0,3,42.416666666666664,0.0,73.46782175437988,3,84.83333333333333,0.0,146.93564350875977,3,129.33333333333334,0.0,224.0119044455748,3,0.0,0.0,0.0,3,32.333333333333336,0.0,56.0029761113937,3,64.66666666666667,0.0,112.0059522227874,3,0.0,0.0,0.0,3,169.66666666666666,0.0,293.87128701751953,3,33.222222222233334,0.0,57.54257682925194,3,66.6899959181,0.0,115.51046128671024,3,13342.666666666666,0.0,23110.17657512234,3,37.375,0.0,64.7353989328868
SSH-Bruteforce,3759,327.57648310720936,640.0,319.95285616052246,3759,0.0,0.0,0.0,3759,44.19864702768491,77.12,43.2708922396924,3759,70.09992135978088,132.1187344777,68.48397451984204,3759,499.55413673849426,976.0,487.92810564479686,3759,0.0,0.0,0.0,3759,64.25745780569125,121.1363636364,62.89334696845237,3759,134.271168042731,258.6415602914,131.19029814958196,3759,0.0,0.0,0.0,3759,499.55413673849426,976.0,487.92810564479686,3759,52.675474420518626,97.3829787234,51.4856432503943,3759,104.5410607889366,200.3366246652,102.11805615359835,3759,21354.15661549468,40134.7631822387,20865.306094447827,3759,53.8818324021805,99.5,52.66637896879466
