source_file,Benign,Bot,Brute Force -Web,Brute Force -XSS,DDOS attack-HOIC,DDOS attack-LOIC-UDP,DDoS attacks-LOIC-HTTP,DoS attacks-GoldenEye,DoS attacks-Hulk,DoS attacks-SlowHTTPTest,DoS attacks-Slowloris,FTP-BruteForce,Infilteration,SQL Injection,SSH-Bruteforce
Friday-02-03-2018_TrafficForML_CICFlowMeter.csv,15266,5678,0,0,0,0,0,0,0,0,0,0,0,0,0
Friday-16-02-2018_TrafficForML_CICFlowMeter.csv,8924,0,0,0,0,0,0,0,9202,2868,0,0,0,0,0
Friday-23-02-2018_TrafficForML_CICFlowMeter.csv,20939,0,11,2,0,0,0,0,0,0,0,0,0,1,0
Thuesday-20-02-2018_TrafficForML_CICFlowMeter.csv,147440,0,0,0,0,0,11559,0,0,0,0,0,0,0,0
Thursday-01-03-2018_TrafficForML_CICFlowMeter.csv,4827,0,0,0,0,0,0,0,0,0,0,0,1804,0,0
Thursday-15-02-2018_TrafficForML_CICFlowMeter.csv,19860,0,0,0,0,0,0,870,0,0,206,0,0,0,0
Thursday-22-02-2018_TrafficForML_CICFlowMeter.csv,20974,0,5,3,0,0,0,0,0,0,0,0,0,2,0
Wednesday-14-02-2018_TrafficForML_CICFlowMeter.csv,13348,0,0,0,0,0,0,0,0,0,0,3866,0,0,3759
Wednesday-21-02-2018_TrafficForML_CICFlowMeter.csv,1024,0,0,0,7524,38,0,0,0,0,0,0,0,0,0
