,Flow Duration,Flow Duration,Flow Duration,Flow Duration,Tot Fwd Pkts,Tot Fwd Pkts,Tot Fwd Pkts,Tot Fwd Pkts,Tot Bwd Pkts,Tot Bwd Pkts,Tot Bwd Pkts,Tot Bwd Pkts,TotLen Fwd Pkts,TotLen Fwd Pkts,TotLen Fwd Pkts,TotLen Fwd Pkts,TotLen Bwd Pkts,TotLen Bwd Pkts,TotLen Bwd Pkts,TotLen Bwd Pkts,Flow Byts/s,Flow Byts/s,Flow Byts/s,Flow Byts/s,Flow Pkts/s,Flow Pkts/s,Flow Pkts/s,Flow Pkts/s,Fwd Pkts/s,Fwd Pkts/s,Fwd Pkts/s,Fwd Pkts/s,Bwd Pkts/s,Bwd Pkts/s,Bwd Pkts/s,Bwd Pkts/s,Down/Up Ratio,Down/Up Ratio,Down/Up Ratio,Down/Up Ratio
,count,mean,median,std,count,mean,median,std,count,mean,median,std,count,mean,median,std,count,mean,median,std,count,mean,median,std,count,mean,median,std,count,mean,median,std,count,mean,median,std,count,mean,median,std
Label,,,,,,,,,,,,,,,,,,,,,,,,,,,,,,,,,,,,,,,,
Benign,252602,14185882.707207385,43042.5,33248543.03792151,252602,5.888377764229896,2.0,46.40710073614774,252602,6.618364066792821,1.0,131.59935129121064,252602,435.43603771941633,51.0,17101.952755734976,252602,4776.649416869225,120.0,189467.07055064032,250772,313452.5611624084,1076.6813732655507,4269442.180099896,250772,33533.81950629674,81.75612148959654,226279.80228545796,252602,29440.693851106735,39.7808077847,217032.98433933835,252602,3850.1866060322513,3.9747498365,41323.53516813968,252602,0.5131590407043491,0.0,1.0598660562242486
Bot,5678,70634.2634730539,8991.0,2420752.195920913,5678,2.5755547728073265,3.0,1.8766378908040902,5678,2.0272983444874955,2.0,2.2758804073992134,5678,160.26047904191617,0.0,163.5567676142709,5678,67.72014793941528,129.0,71.34578189716244,5678,20402.524804813314,6390.441854500001,20850.334581471758,5678,2227.495291700545,797.58458535,1644.7914224863584,5678,2048.0699903516797,451.43154545000004,1818.11698573849,5678,179.42530134823107,87.23689738,190.15990265224377,5678,0.5110954561465305,0.0,0.6817793951184108
Brute Force -Web,16,25739547.6875,5008202.0,36508285.65654462,16,22.5625,4.5,50.9404472562488,16,14.3125,1.5,35.051806895888646,16,7679.125,646.0,18502.072989712982,16,9198.5,182.0,24709.42678412431,16,363.131265646375,117.58727079599998,742.0794490912867,16,6369.681752936863,1.5976222599,20759.83124969192,16,6369.190279031963,0.9985139124,20759.992034270625,16,0.4914739048875,0.2995214845,0.6251088377377453,16,0.1875,0.0,0.4031128874149275
Brute Force -XSS,5,24242392.8,5284445.0,30860194.565991055,5,83.2,4.0,109.36269930831078,5,42.4,4.0,56.25655517359733,5,22555.6,365.0,30719.41388275499,5,76145.4,809.0,103897.66127685455,5,1743.3392036391601,222.1614568796,2287.7324980706835,5,2980.1768252374,5.3421250907,5035.7293374943665,5,2979.30768799094,3.5324149623,5036.371327455034,5,0.8691372465,0.7569385243,0.8994419968071556,5,0.2,0.0,0.447213595499958
DDOS attack-HOIC,7524,12153.95773524721,10557.0,8991.549981916602,7524,2.4383306751727805,2.0,0.49621529628633254,7524,1.7533227006911218,0.0,1.9848611851453297,7524,131.06379585326954,0.0,149.72449748326378,7524,409.8391812865497,0.0,463.9613020277209,7524,109929.55006410686,0.0,238318.6829678853,7524,861.6979844254213,411.03331909999997,1387.8286852706372,7524,505.28170069526976,233.8133023,777.0001658327101,7524,356.4162837243554,0.0,772.5268025019133,7524,0.43833067517278046,0.0,0.49621529628633243
DDOS attack-LOIC-UDP,38,118528704.94736843,119713224.0,7379786.133117845,38,115294.76315789473,115036.0,21581.364649427964,38,0.0,0.0,0.0,38,3689432.4210526315,3681152.0,690603.6687816948,38,0.0,0.0,0.0,38,31088.66886394737,30740.047495,5316.081394758205,38,971.5209020210526,960.62648425,166.12754359873833,38,971.5209020210526,960.62648425,166.12754359873833,38,0.0,0.0,0.0,38,0.0,0.0,0.0
DDoS attacks-LOIC-HTTP,11559,11769886.088415952,1746892.0,15377805.02307956,11559,115.8681546846613,3.0,3880.882169626376,11559,2.0077861406696083,4.0,2.000071361578152,11559,3637.818496409724,20.0,124190.27267563107,11559,483.87645990137554,964.0,482.017198140335,11559,540.9296690704732,516.8846354,5474.788373747106,11559,5.050487435243101,3.81130968,52.49368401314011,11559,2.9918343250565798,1.694400233,39.70039797609388,11559,2.0586531101971626,2.089804107,21.775463226134693,11559,0.5019465351674021,1.0,0.500017840394538
DoS attacks-GoldenEye,870,11783229.088505747,6865980.5,18382354.064226948,870,3.7126436781609193,4.0,1.7264479320476516,870,2.449425287356322,3.0,1.7696048698642497,870,349.73333333333335,353.5,494.748376879611,870,577.2252873563218,662.0,436.02176052853775,870,816.2740886619554,121.40497424195,3033.72886173452,870,5.312471136656321,1.02796943375,19.193071473436536,870,3.339963255376092,0.7270910025499999,11.9946330496285,870,1.9725078812788506,0.34074859115,7.2045930573786015,870,0.4264367816091954,0.0,0.4948433212337081
DoS attacks-Hulk,9202,340494.30971527926,13420.5,3868791.5274303416,9202,2.236035644425125,2.0,0.5519752971374686,9202,0.24451206259508804,0.0,1.0090260976876178,9202,21.238643773092807,0.0,92.08317284056994,9202,52.53151488806781,0.0,215.3194015057268,9202,1680.2577555315572,0.0,16277.639859487184,9202,1104.0114227134197,166.29252689999998,3903.303524573741,9202,1098.771488032431,151.9930261,3903.9335693233547,9202,5.239934681055097,0.0,51.14271180679108,9202,0.052488589437078896,0.0,0.22302229181797953
DoS attacks-SlowHTTPTest,2868,4.926778242677824,3.0,6.414379975315087,2868,1.0,1.0,0.0,2868,1.0,1.0,0.0,2868,0.0,0.0,0.0,2868,0.0,0.0,0.0,2868,0.0,0.0,0.0,2868,732330.22967932,666666.6667,319859.9388696579,2868,366165.11482356343,333333.3333,159929.9694375168,2868,366165.11482356343,333333.3333,159929.9694375168,2868,1.0,1.0,0.0
DoS attacks-Slowloris,206,75485515.95145631,105702975.0,47175816.624018334,206,7.898058252427185,3.0,6.243380581806065,206,1.9611650485436893,2.0,1.1846360362912118,206,1143.2038834951456,16.0,1248.5666424615752,206,2.504854368932039,0.0,35.95142353744748,206,295137.38346010156,23.237094368450002,1253158.85468397,206,78305.9168010392,0.16671931985,319868.3152928692,206,41582.93562828363,0.13893276655,170412.28220595157,206,36722.98117275554,0.02768480415,156667.431577043,206,0.3155339805825243,0.0,0.4762162414237726
FTP-BruteForce,3866,3.9309363683393688,2.0,5.985635241093214,3866,1.0,1.0,0.0,3866,1.0,1.0,0.0,3866,0.0,0.0,0.0,3866,0.0,0.0,0.0,3866,0.0,0.0,0.0,3866,1183538.8319541095,1000000.0,643033.6356707265,3866,591769.4159770547,500000.0,321516.81783536327,3866,591769.4159770547,500000.0,321516.81783536327,3866,1.0,1.0,0.0
Infilteration,1804,11768729.789356984,877.5,32426984.47047634,1804,4.238913525498892,1.0,9.317950289560992,1804,3.690687361419069,1.0,12.769890655270775,1804,312.35920177383593,35.0,2271.1405591463204,1804,1225.960088691796,47.0,12329.758866795646,1794,207959.69508613052,70.492407895,2876950.351906481,1794,95936.59685366468,2276.608592,335231.97814293014,1804,58997.764152182055,1140.250855,244023.51797666927,1804,36407.03338342015,463.9307059,134041.07820350016,1804,0.6940133037694013,1.0,0.559838808748339
SQL Injection,3,1669198.6666666667,45.0,2891067.616564914,3,2.6666666666666665,2.0,1.1547005383792515,3,1.3333333333333333,0.0,2.3094010767585034,3,169.66666666666666,0.0,293.87128701751953,3,129.33333333333334,0.0,224.0119044455748,3,59.71024356186667,0.0,103.42117558146552,3,33862.9663952638,44444.4444444444,30004.27709274383,3,33862.70012884883,44444.4444444444,30004.72783590399,3,0.266266415,0.0,0.46118695912921986,3,0.3333333333333333,0.0,0.5773502691896258
SSH-Bruteforce,3759,187346.0007980846,289055.0,184459.95970563008,3759,11.981910082468742,21.0,10.751298173848262,3759,11.37509976057462,20.0,10.155825690691502,3759,990.2633679169992,1912.0,967.3771091627248,3759,1364.048949188614,2665.0,1332.3036901059256,3759,6501.457969994968,11208.5769980507,6459.368151870769,3759,154405.48733397876,150.3666896773,162922.47282039243,3759,77228.23975267107,75.7179685951,81474.75436965893,3759,77177.2475813079,75.1833448387,81458.47854114068,3759,0.7480712955573291,1.0,0.43417828308680073
