,precision,recall,f1-score,support
Benign,0.8174674807539156,0.76985,0.792944508819364,20000.0
Bot,0.99990000499975,0.99995,0.9999250018749531,20000.0
Brute Force -Web,0.8863636363636364,0.8863636363636364,0.8863636363636364,88.0
Brute Force -XSS,1.0,0.9259259259259259,0.9615384615384616,27.0
DDOS attack-HOIC,1.0,1.0,1.0,20000.0
DDOS attack-LOIC-UDP,0.9625468164794008,0.9589552238805971,0.9607476635514018,268.0
DDoS attacks-LOIC-HTTP,0.9994500274986251,0.9995,0.9994750131246719,20000.0
DoS attacks-GoldenEye,0.9998371600716496,0.9998371600716496,0.9998371600716496,6141.0
DoS attacks-Hulk,1.0,1.0,1.0,20000.0
DoS attacks-SlowHTTPTest,0.3333333333333333,0.5,0.4,6.0
DoS attacks-Slowloris,0.9993211133740665,0.9986431478968792,0.9989820156090939,1474.0
FTP-BruteForce,0.25,0.16666666666666666,0.2,6.0
Infilteration,0.782775074408277,0.82845,0.804965141982656,20000.0
SQL Injection,0.8571428571428571,0.9230769230769231,0.8888888888888888,13.0
SSH-Bruteforce,1.0,0.9998577423714347,0.9999288661260493,14059.0
accuracy,0.9431173547669656,0.9431173547669656,0.9431173547669656,0.9431173547669656
macro avg,0.8592091669617009,0.8638050950835808,0.8595730905300552,142082.0
weighted avg,0.943409133305303,0.9431173547669656,0.9430701299514062,142082.0
