label_id,original_rows,unique_patterns,reconstructed_rows,duplicate_rows,compression_ratio,min_frequency,max_frequency,avg_frequency,match
0,9451891,7445818,9451891,2006073,0.7877596133937643,1,7487,1.2694227820234123,True
1,194856,100976,194856,93880,0.5182083179373486,1,1630,1.9297258754555537,True
2,428,394,428,34,0.9205607476635514,1,5,1.0862944162436547,True
3,166,165,166,1,0.9939759036144579,1,2,1.006060606060606,True
4,475783,139130,475783,336653,0.29242322655496306,1,162,3.419700999065622,True
5,1203,1203,1203,0,1.0,1,1,1.0,True
6,402962,402392,402962,570,0.9985854745608768,1,3,1.0014165291556492,True
7,29158,29090,29158,68,0.9976678784553125,1,3,1.0023375730491577,True
8,324733,101779,324733,222954,0.31342364342398216,1,125,3.190569763900215,True
9,85458,44,85458,85414,0.0005148728030143462,1,62024,1942.2272727272727,True
10,7766,6874,7766,892,0.8851403553953129,1,402,1.1297643293569974,True
11,173083,39,173083,173044,0.00022532542190740857,1,87297,4438.025641025641,True
12,113111,98237,113111,14874,0.8685008531442565,1,30,1.1514093467837985,True
13,55,54,55,1,0.9818181818181818,1,2,1.0185185185185186,True
14,155484,66117,155484,89367,0.4252334645365439,1,41959,2.351649348881528,True
