label_id,patterns_78,rows_before,patterns_top40,rows_after,patterns_merged,pattern_retention,max_frequency_top40,avg_frequency_top40,frequency_match
0,7445818,9451891,7445262,9451891,556,0.9999253272105227,7487,1.2695175804424343,True
1,100976,194856,100976,194856,0,1.0,1630,1.9297258754555537,True
2,394,428,394,428,0,1.0,5,1.0862944162436547,True
3,165,166,165,166,0,1.0,2,1.006060606060606,True
4,139130,475783,139130,475783,0,1.0,162,3.419700999065622,True
5,1203,1203,1203,1203,0,1.0,1,1.0,True
6,402392,402962,402392,402962,0,1.0,3,1.0014165291556492,True
7,29090,29158,29090,29158,0,1.0,3,1.0023375730491577,True
8,101779,324733,101779,324733,0,1.0,125,3.190569763900215,True
9,44,85458,44,85458,0,1.0,62024,1942.2272727272727,True
10,6874,7766,6874,7766,0,1.0,402,1.1297643293569974,True
11,39,173083,39,173083,0,1.0,87297,4438.025641025641,True
12,98237,113111,98237,113111,0,1.0,30,1.1514093467837985,True
13,54,55,54,55,0,1.0,2,1.0185185185185186,True
14,66117,155484,66117,155484,0,1.0,41959,2.351649348881528,True
