Label,V1_precision,V2_precision,V1_recall,V2_recall,V1_f1,V2_f1,recall_change,f1_change
Benign,0.8083136016837674,0.7236282387315773,0.7681,0.84205,0.7876938853993077,0.778360640584198,0.07394999999999996,-0.009333244815109776
Bot,1.0,0.999950002499875,1.0,1.0,1.0,0.9999750006249843,0.0,-2.499937501565519e-05
Brute Force -Web,0.825,0.9012345679012346,0.8354430379746836,0.9240506329113924,0.8301886792452831,0.9125,0.08860759493670889,0.08231132075471692
Brute Force -XSS,0.975,0.975,0.975,0.975,0.975,0.975,0.0,0.0
DDOS attack-HOIC,1.0,0.9993004896572399,1.0,1.0,1.0,0.99965012245714,0.0,-0.00034987754285997763
DDOS attack-LOIC-UDP,0.9064748201438849,0.9142857142857143,0.9692307692307692,0.9846153846153847,0.9368029739776952,0.9481481481481482,0.015384615384615441,0.011345174170452998
DDoS attacks-LOIC-HTTP,0.9995496171745984,0.9992996498249125,0.9987,0.9988,0.999124627966886,0.9990497624406102,9.999999999998899e-05,-7.486552627578025e-05
DoS attacks-GoldenEye,0.9998371865841745,0.9996743201432992,0.9998371865841745,0.9995115597525236,0.9998371865841745,0.9995929333224782,-0.0003256268316509381,-0.00024425326169630335
DoS attacks-Hulk,1.0,0.999950002499875,1.0,1.0,1.0,0.9999750006249843,0.0,-2.499937501565519e-05
DoS attacks-SlowHTTPTest,0.015000285176524268,0.0164382003299016,0.03200292041859333,0.03516670722803602,0.02042639120810842,0.022403969146090934,0.0031637868094426883,0.0019775779379825123
DoS attacks-Slowloris,0.9993416721527321,0.9993399339933994,0.9986842105263158,0.9960526315789474,0.9990128331688055,0.9976935749588138,-0.0026315789473684292,-0.0013192582099916805
FTP-BruteForce,0.14035740878629932,0.18331360946745562,0.05655,0.07745,0.0806187183690926,0.10889279437609842,0.020900000000000002,0.02827407600700582
Infilteration,0.7792653294582876,0.8119427990187279,0.8178,0.6785,0.7980677742809046,0.7392476779342467,-0.13929999999999998,-0.05882009634665786
SQL Injection,0.5,1.0,0.6666666666666666,0.3333333333333333,0.5714285714285714,0.5,-0.3333333333333333,-0.0714285714285714
SSH-Bruteforce,0.8838607035531201,0.9014287645918782,1.0,1.0,0.938350380031904,0.9481593855927182,0.0,0.00980900556081421
