rank,feature,importance
1,Fwd Seg Size Min,0.0994484
2,Init Bwd Win Byts,0.088475086
3,Init Fwd Win Byts,0.06642004
4,Bwd Pkts/s,0.053075347
5,Fwd Pkts/s,0.05205653
6,Fwd Seg Size Avg,0.050869755
7,Fwd Header Len,0.048409723
8,Dst Port,0.04252904
9,URG Flag Cnt,0.035054963
10,Fwd Act Data Pkts,0.03450044
11,Bwd IAT Mean,0.032898657
12,Flow IAT Max,0.02364308
13,Subflow Bwd Pkts,0.023465564
14,Subflow Fwd Byts,0.023390748
15,TotLen Fwd Pkts,0.021644343
16,PSH Flag Cnt,0.01983689
17,Tot Bwd Pkts,0.019108618
18,Fwd Pkt Len Mean,0.017674966
19,Flow IAT Mean,0.014922284
20,Flow Pkts/s,0.013635463
21,Bwd Header Len,0.011957356
22,Bwd Seg Size Avg,0.011875919
23,SYN Flag Cnt,0.0109600965
24,Fwd IAT Std,0.010455665
25,Bwd Pkt Len Std,0.009454687
26,Pkt Size Avg,0.0094281705
27,Bwd Pkt Len Mean,0.009236479
28,Pkt Len Max,0.009109583
29,Bwd Pkt Len Min,0.0081585
30,Fwd Pkt Len Std,0.008009969
31,Fwd IAT Min,0.0076139243
32,TotLen Bwd Pkts,0.0076085413
33,Bwd IAT Max,0.0071298084
34,Flow Duration,0.006941717
35,ECE Flag Cnt,0.006305405
36,Fwd IAT Tot,0.006219746
37,Fwd PSH Flags,0.0059971223
38,Pkt Len Mean,0.0056677833
39,Fwd IAT Mean,0.005054731
40,Bwd Pkt Len Max,0.0049107354
41,RST Flag Cnt,0.0041242535
42,Flow Byts/s,0.0038981803
43,Fwd IAT Max,0.0031312695
44,Flow IAT Min,0.0030809562
45,Flow IAT Std,0.0029245561
46,Fwd Pkt Len Max,0.0029045066
47,Bwd IAT Min,0.0025641075
48,Pkt Len Var,0.0025186972
49,Tot Fwd Pkts,0.0024234003
50,Bwd IAT Tot,0.0023965368
51,Pkt Len Std,0.002325818
52,Idle Max,0.0022882759
53,Subflow Bwd Byts,0.0021527684
54,ACK Flag Cnt,0.0021191533
55,Idle Mean,0.002101077
56,Idle Std,0.0019702443
57,Active Max,0.0018510076
58,Idle Min,0.0016261771
59,FIN Flag Cnt,0.001558905
60,Active Std,0.0015377571
61,CWE Flag Count,0.0015139155
62,Bwd IAT Std,0.001271538
63,Subflow Fwd Pkts,0.0012169813
64,Fwd URG Flags,0.0011462052
65,Down/Up Ratio,0.00050824584
66,Protocol,0.00042118912
67,Fwd Pkt Len Min,0.0003895691
68,Pkt Len Min,0.0003335195
69,Active Mean,0.00031719363
70,Active Min,0.00022803493
71,Bwd PSH Flags,0.0
72,Bwd URG Flags,0.0
73,Bwd Blk Rate Avg,0.0
74,Bwd Pkts/b Avg,0.0
75,Fwd Pkts/b Avg,0.0
76,Fwd Byts/b Avg,0.0
77,Bwd Byts/b Avg,0.0
78,Fwd Blk Rate Avg,0.0
