label_id,precision,recall,f1,support
0,0.9891731968418788,0.9979838759760787,0.9935590039654021,2012773
1,0.9997924976367787,0.9999077660948165,0.9998501285435953,43368
2,0.9841269841269841,0.6326530612244898,0.7701863354037266,98
3,0.8620689655172413,0.8928571428571429,0.8771929824561403,28
4,1.0,1.0,1.0,104966
5,0.8544776119402985,0.8544776119402985,0.8544776119402986,268
6,0.9994918699186992,0.9995957636025548,0.9995438140609211,86583
7,0.9993509654389097,0.9998376623376624,0.9995942546457843,6160
8,0.9999710254107148,1.0,0.9999855124954726,69024
9,0.2370649861518083,0.8581807614065678,0.37150495360905805,6882
10,0.9987593052109182,0.9993792675356921,0.9990691901954701,1611
11,0.0,0.0,0.0,19005
12,0.40050640452785224,0.10920683913414288,0.17161821488974693,24623
13,0.8461538461538461,0.8461538461538461,0.8461538461538461,13
14,1.0,0.9994520547945206,0.9997259523157029,14600
