,percentage
Benign,83.06971193621487
DDOS attack-HOIC,4.2260328681041255
DDoS attacks-LOIC-HTTP,3.549503659273867
DoS attacks-Hulk,2.8455118775935593
Bot,1.763019557319096
FTP-BruteForce,1.1911536757033603
SSH-Bruteforce,1.1556026420744605
Infilteration,0.9975604019515305
DoS attacks-SlowHTTPTest,0.8617629690429409
DoS attacks-GoldenEye,0.25570131759978837
DoS attacks-Slowloris,0.06770158717407908
DDOS attack-LOIC-UDP,0.010657301711661219
Brute Force -Web,0.0037639371941185
Brute Force -XSS,0.0014168667015503355
SQL Injection,0.0005359452305864313
Label,0.00036345711039769476
