feature,gain,weight,cover,rank_gain
Fwd Act Data Pkts,933.6393432617188,2544.0,3823.268798828125,1
Fwd Seg Size Min,727.7060546875,2758.0,8714.794921875,2
Fwd Header Len,275.7033386230469,3766.0,4223.068359375,3
ECE Flag Cnt,242.01507568359375,504.0,5906.7333984375,4
Init Fwd Win Byts,237.356201171875,20022.0,2102.019287109375,5
URG Flag Cnt,189.5685272216797,486.0,8185.87451171875,6
RST Flag Cnt,158.72817993164062,1790.0,3230.95458984375,7
Dst Port,158.14779663085938,17811.0,3369.469970703125,8
Fwd PSH Flags,139.7098846435547,417.0,7049.84814453125,9
Fwd Pkts/s,121.76022338867188,11555.0,1827.307373046875,10
Fwd Pkt Len Mean,112.84048461914062,4781.0,2386.159912109375,11
Pkt Len Max,112.16441345214844,1987.0,5506.3779296875,12
SYN Flag Cnt,95.10208129882812,71.0,8402.20703125,13
Fwd Seg Size Avg,89.65959167480469,880.0,2468.619140625,14
Bwd Header Len,64.86759948730469,2109.0,2882.794921875,15
Init Bwd Win Byts,56.685665130615234,7691.0,3323.626953125,16
Fwd IAT Std,56.02523422241211,13213.0,1078.5015869140625,17
Fwd IAT Max,55.000022888183594,7585.0,2206.23583984375,18
Pkt Size Avg,52.243675231933594,10433.0,1097.5341796875,19
Fwd IAT Tot,49.59505081176758,8554.0,2939.98583984375,20
Bwd Pkt Len Max,43.268367767333984,4086.0,2854.626220703125,21
PSH Flag Cnt,40.28965377807617,459.0,3258.3623046875,22
Flow IAT Mean,39.99685287475586,13529.0,1436.1639404296875,23
Bwd IAT Min,38.42738342285156,6848.0,3035.726806640625,24
Bwd Pkt Len Std,38.42487716674805,3376.0,3043.943115234375,25
Pkt Len Mean,31.42702293395996,5187.0,2248.097412109375,26
Bwd IAT Max,30.489084243774414,3237.0,3414.65966796875,27
Fwd Pkt Len Std,30.239240646362305,4195.0,2887.823974609375,28
ACK Flag Cnt,29.887868881225586,729.0,1126.06396484375,29
TotLen Bwd Pkts,29.639978408813477,6715.0,1654.687255859375,30
Pkt Len Std,29.57930564880371,4433.0,2912.794677734375,31
FIN Flag Cnt,28.304445266723633,606.0,4919.62060546875,32
Bwd IAT Mean,26.95487403869629,3170.0,2460.8388671875,33
Flow Duration,26.70188331604004,20166.0,1218.33837890625,34
Flow IAT Max,26.457561492919922,15589.0,1536.402587890625,35
Subflow Bwd Byts,24.2834415435791,563.0,4023.610107421875,36
Idle Max,20.71098518371582,1879.0,4742.5927734375,37
Fwd URG Flags,19.361976623535156,37.0,19015.10546875,38
Bwd Pkts/s,18.67813491821289,7348.0,2736.517578125,39
Bwd IAT Std,18.509700775146484,3365.0,3449.611572265625,40
Fwd IAT Mean,16.744823455810547,7194.0,1623.337890625,41
Bwd Seg Size Avg,16.329748153686523,678.0,3377.901611328125,42
Tot Fwd Pkts,15.372000694274902,3920.0,2136.305908203125,43
Fwd Pkt Len Max,14.068696022033691,6364.0,2458.77880859375,44
Idle Mean,13.56278133392334,2405.0,2638.622802734375,45
Flow Pkts/s,10.355670928955078,15945.0,972.26025390625,46
Down/Up Ratio,9.350021362304688,857.0,3551.379150390625,47
Tot Bwd Pkts,8.540051460266113,2555.0,1844.446044921875,48
Bwd Pkt Len Mean,8.37020492553711,3429.0,2722.010498046875,49
TotLen Fwd Pkts,8.0828218460083,9608.0,1139.29345703125,50
Pkt Len Var,7.916830539703369,988.0,3191.14208984375,51
Subflow Bwd Pkts,7.886361598968506,270.0,2872.263427734375,52
Active Max,7.124234676361084,1540.0,1243.2064208984375,53
Subflow Fwd Pkts,6.271944522857666,372.0,4046.091064453125,54
Flow IAT Std,6.152896404266357,18929.0,636.2379150390625,55
Active Std,6.025908946990967,1475.0,1306.5531005859375,56
Flow Byts/s,5.4742350578308105,19988.0,1220.4638671875,57
Bwd IAT Tot,5.196320533752441,4025.0,3181.099365234375,58
Fwd IAT Min,5.021142959594727,20697.0,1480.48828125,59
Fwd Pkt Len Min,4.841617584228516,2514.0,6816.9658203125,60
Subflow Fwd Byts,3.8987269401550293,829.0,2995.646240234375,61
Idle Min,3.49643874168396,2690.0,2363.907470703125,62
Pkt Len Min,3.2900848388671875,1212.0,12416.658203125,63
Active Min,3.1191844940185547,1933.0,1417.3983154296875,64
Bwd Pkt Len Min,2.610961675643921,4810.0,10618.7021484375,65
Protocol,2.571134328842163,122.0,5785.00634765625,66
Active Mean,2.437699794769287,1975.0,1493.3580322265625,67
Flow IAT Min,2.3043110370635986,47758.0,933.439453125,68
Idle Std,1.2374491691589355,5048.0,767.51513671875,69
CWE Flag Count,0.6977043151855469,3.0,26510.5,70
Bwd PSH Flags,0.0,0.0,0.0,71
Bwd URG Flags,0.0,0.0,0.0,72
Bwd Blk Rate Avg,0.0,0.0,0.0,73
Bwd Pkts/b Avg,0.0,0.0,0.0,74
Fwd Pkts/b Avg,0.0,0.0,0.0,75
Fwd Byts/b Avg,0.0,0.0,0.0,76
Bwd Byts/b Avg,0.0,0.0,0.0,77
Fwd Blk Rate Avg,0.0,0.0,0.0,78
