epoch,train_loss,accuracy,macro_precision,macro_recall,macro_f1,weighted_f1,train_seconds
1,0.27653571135114335,0.6078665077473182,0.5247525893280376,0.45231346989447546,0.42747600498623295,0.5637086858197031,
2,0.14839326833093783,0.6649429043792533,0.5232368162802125,0.5543042178307717,0.5187020472450684,0.6046976412494379,31.254148543986958
3,0.14061759744429936,0.5200699757776155,0.5619706221204959,0.44399760218151946,0.40498021253295047,0.4486431082508636,31.004061670973897
4,0.13591459915318257,0.7643700257603138,0.6316747187941875,0.6270227611785888,0.588021918259252,0.7087513591321128,30.57808731502155
5,0.13349887309111733,0.7113691414510361,0.6416265844686591,0.5862687949451996,0.555704637352902,0.6582208976128856,30.208424946991727
6,0.13172413844272884,0.7903418047598908,0.6562236478681903,0.6542641598957416,0.6125547287122223,0.7288551701948195,30.20410495699616
7,0.12985929451230768,0.7868814641085778,0.6542393829476367,0.6518641598957414,0.6102891614298405,0.7255886557925233,30.50359507300891
8,0.12836776612447034,0.7910146487754239,0.6566880791646141,0.6547308265624083,0.6136678755702114,0.7304400185931207,30.282014749012887
9,0.12725450105005934,0.7475297012572572,0.6482489914704632,0.6153427611785887,0.5820075179837635,0.692337291715164,30.39767750998726
10,0.12676850264569808,0.7908224076281287,0.656782360693351,0.6550743233552906,0.614362748024137,0.7310904629332943,31.046845806995407
11,0.12682224861454502,0.7864008612403399,0.6563235042503791,0.6424149565024042,0.6064654774178765,0.7274977278556073,30.63038675696589
12,0.12539581439826103,0.7920719750855473,0.6568454315922808,0.6559129411910033,0.6149480020421927,0.7319347444444307,30.487994766037446
13,0.1246215475591465,0.8073551462955131,0.7326254160954389,0.6925847995457669,0.6630381655347001,0.7472925056342589,30.201097331999335
14,0.12430592723212854,0.6769195278557423,0.5644713101019334,0.5021141237326713,0.4742290962027543,0.6292171414469068,30.397058114991523
15,0.12455431746260233,0.7857856895689953,0.7230867106557153,0.6683075397862157,0.6442634763738854,0.7276457045892921,31.506461005017627
