rank_top40,feature,u_statistic,p_value,effect_size,n_benign,n_attack,p_value_fdr,significant_fdr_005,abs_effect_size,effect_level
8,Dst Port,1338947655.5,0.0,-0.7322104689,100000,100000,0.0,True,0.7322104689,large
10,Fwd Pkts/s,2240261351.0,0.0,-0.5519477298,100000,100000,0.0,True,0.5519477298,large
34,Flow Duration,7496510081.5,0.0,0.49930201629999993,100000,100000,0.0,True,0.49930201629999993,medium
23,Flow IAT Mean,7463544790.5,0.0,0.4927089580999999,100000,100000,0.0,True,0.4927089580999999,medium
19,Pkt Size Avg,7450067693.5,0.0,0.4900135387,100000,100000,0.0,True,0.4900135387,medium
35,Flow IAT Max,7419883506.0,0.0,0.4839767012,100000,100000,0.0,True,0.4839767012,medium
30,TotLen Bwd Pkts,7093913459.5,0.0,0.41878269189999995,100000,100000,0.0,True,0.41878269189999995,medium
36,Subflow Bwd Byts,7093913459.5,0.0,0.41878269189999995,100000,100000,0.0,True,0.41878269189999995,medium
26,Pkt Len Mean,7082871749.5,0.0,0.4165743499000001,100000,100000,0.0,True,0.4165743499000001,medium
21,Bwd Pkt Len Max,7048891256.5,0.0,0.4097782512999999,100000,100000,0.0,True,0.4097782512999999,medium
20,Fwd IAT Tot,6845165194.0,0.0,0.36903303880000005,100000,100000,0.0,True,0.36903303880000005,medium
18,Fwd IAT Max,6816810502.5,0.0,0.36336210050000006,100000,100000,0.0,True,0.36336210050000006,medium
17,Fwd IAT Std,6773384906.0,0.0,0.3546769811999999,100000,100000,0.0,True,0.3546769811999999,medium
15,Bwd Header Len,6764998103.5,0.0,0.3529996206999999,100000,100000,0.0,True,0.3529996206999999,medium
12,Pkt Len Max,6537364669.0,0.0,0.30747293379999996,100000,100000,0.0,True,0.30747293379999996,medium
1,Fwd Act Data Pkts,6491635609.0,0.0,0.2983271218000001,100000,100000,0.0,True,0.2983271218000001,small
31,Pkt Len Std,6481157195.0,0.0,0.29623143900000004,100000,100000,0.0,True,0.29623143900000004,small
33,Bwd IAT Mean,6380069092.0,0.0,0.27601381840000005,100000,100000,0.0,True,0.27601381840000005,small
27,Bwd IAT Max,6380000275.5,0.0,0.2760000550999999,100000,100000,0.0,True,0.2760000550999999,small
29,ACK Flag Cnt,3744150000.0,0.0,-0.25117,100000,100000,0.0,True,0.25117,small
2,Fwd Seg Size Min,3780125603.0,0.0,-0.24397487939999996,100000,100000,0.0,True,0.24397487939999996,small
7,RST Flag Cnt,3794150000.0,0.0,-0.24117,100000,100000,0.0,True,0.24117,small
4,ECE Flag Cnt,3794200000.0,0.0,-0.24116000000000004,100000,100000,0.0,True,0.24116000000000004,small
16,Init Bwd Win Byts,6114620826.5,0.0,0.22292416530000003,100000,100000,0.0,True,0.22292416530000003,small
25,Bwd Pkt Len Std,6103258776.0,0.0,0.22065175520000002,100000,100000,0.0,True,0.22065175520000002,small
40,Bwd IAT Std,6081209564.0,0.0,0.21624191279999994,100000,100000,0.0,True,0.21624191279999994,small
24,Bwd IAT Min,6070547930.5,0.0,0.21410958609999997,100000,100000,0.0,True,0.21410958609999997,small
11,Fwd Pkt Len Mean,5937023925.0,0.0,0.18740478500000002,100000,100000,0.0,True,0.18740478500000002,small
14,Fwd Seg Size Avg,5937023925.0,0.0,0.18740478500000002,100000,100000,0.0,True,0.18740478500000002,small
3,Fwd Header Len,5819243753.0,0.0,0.16384875059999993,100000,100000,0.0,True,0.16384875059999993,small
37,Idle Max,5787715642.5,0.0,0.15754312849999996,100000,100000,0.0,True,0.15754312849999996,small
28,Fwd Pkt Len Std,5537340425.0,0.0,0.10746808500000005,100000,100000,0.0,True,0.10746808500000005,small
5,Init Fwd Win Byts,4508209711.0,0.0,-0.09835805779999995,100000,100000,0.0,True,0.09835805779999995,negligible
39,Bwd Pkts/s,5400011390.5,1.920612433054982e-219,0.08000227810000005,100000,100000,2.0244293213282247e-219,True,0.08000227810000005,negligible
9,Fwd PSH Flags,5254000000.0,0.0,0.050799999999999956,100000,100000,0.0,True,0.050799999999999956,negligible
13,SYN Flag Cnt,5254000000.0,0.0,0.050799999999999956,100000,100000,0.0,True,0.050799999999999956,negligible
6,URG Flag Cnt,5159450000.0,0.0,0.031889999999999974,100000,100000,0.0,True,0.031889999999999974,negligible
32,FIN Flag Cnt,5019400000.0,1.5471119106704102e-86,0.0038800000000001056,100000,100000,1.5878253820038421e-86,True,0.0038800000000001056,negligible
22,PSH Flag Cnt,4992250000.0,0.4880201781957578,-0.0015500000000000513,100000,100000,0.4880201781957578,False,0.0015500000000000513,negligible
38,Fwd URG Flags,5000000000.0,,0.0,100000,100000,,,0.0,negligible
