Label,count,percentage,ratio_to_majority
Benign,13484708,83.07001386008686,1.0
DDOS attack-HOIC,686012,4.226048227976899,0.05087332999720869
DDoS attacks-LOIC-HTTP,576191,3.54951656024419,0.0427292159385283
DoS attacks-Hulk,461912,2.845522219846395,0.03425450517727192
Bot,286191,1.7630259651623243,0.021223373913621266
FTP-BruteForce,193360,1.1911580050518258,0.014339205565296631
SSH-Bruteforce,187589,1.1556068422096966,0.013911239309000982
Infilteration,161934,0.9975640276689198,0.012008713870556189
DoS attacks-SlowHTTPTest,139890,0.8617661011931108,0.010373973244359463
DoS attacks-GoldenEye,41508,0.25570224696778643,0.003078153416447727
DoS attacks-Slowloris,10990,0.06770183324120586,0.0008149972546680284
DDOS attack-LOIC-UDP,1730,0.010657340446522851,0.00012829347138996263
Brute Force -Web,611,0.003763950874465585,4.531058440420067e-05
Brute Force -XSS,230,0.0014168718512718242,1.7056357468029712e-05
SQL Injection,87,0.0005359471785245597,6.4517526074721086e-06
