feature,count,mean,std,min,p01,p05,p25,median,p75,p95,p99,max,zero_count,zero_percentage,unique_count
Dst Port,300000,8410.55033,17995.308859610148,0.0,0.0,22.0,53.0,80.0,3389.0,52609.04999999999,59053.05000000005,65534.0,4524,1.508,20283
Protocol,300000,8.833026666666667,4.967443556895289,0.0,0.0,6.0,6.0,6.0,17.0,17.0,17.0,17.0,4524,1.508,3
Flow Duration,300000,12586116.044846667,31188849.80730431,0.0,1.0,14.0,464.0,29694.5,3495002.25,112639691.2,118121872.34,119999979.0,1840,0.6133333333333334,164647
Tot Fwd Pkts,300000,24.42182,1524.2191405769652,1.0,1.0,1.0,1.0,2.0,5.0,16.0,30.0,164378.0,0,0.0,386
Tot Bwd Pkts,300000,5.937013333333334,120.78365259828117,0.0,0.0,0.0,1.0,1.0,4.0,15.0,36.0,26533.0,74209,24.73633333333333,481
TotLen Fwd Pkts,300000,997.97776,51217.70812446945,0.0,0.0,0.0,0.0,43.0,445.0,1337.0,2367.0,8579450.0,90737,30.245666666666665,4073
TotLen Bwd Pkts,300000,4081.6864966666667,173867.6780757669,0.0,0.0,0.0,0.0,102.0,738.0,4286.0,21334.02000000002,38675626.0,109258,36.419333333333334,9598
Fwd Pkt Len Max,300000,191.59254,289.6424129717648,0.0,0.0,0.0,0.0,41.0,270.0,741.0,935.0,20048.0,90737,30.245666666666665,1372
Fwd Pkt Len Min,300000,11.379043333333334,23.909202307576862,0.0,0.0,0.0,0.0,0.0,30.0,46.0,64.0,1412.0,219445,73.14833333333334,125
Fwd Pkt Len Mean,300000,48.84075601453626,58.37350973385566,0.0,0.0,0.0,0.0,36.0,64.07142857142856,149.2,197.78000000000208,6033.3684950774,90737,30.245666666666665,14102
Fwd Pkt Len Std,300000,66.11168199182468,108.07471454307358,0.0,0.0,0.0,0.0,0.0,92.95339334,252.3020676,418.1447118,4441.717862014,170730,56.910000000000004,18718
Bwd Pkt Len Max,300000,358.8847466666667,502.1250923445575,0.0,0.0,0.0,0.0,96.0,488.0,1460.0,1460.0,1935.0,109258,36.419333333333334,955
Bwd Pkt Len Min,300000,27.28776,51.72229407938853,0.0,0.0,0.0,0.0,0.0,51.0,139.0,207.0,1189.0,219991,73.33033333333333,290
Bwd Pkt Len Mean,300000,114.09249595710372,164.19380879917028,0.0,0.0,0.0,0.0,66.4,167.0,377.13668827714275,843.5386324786326,1827.1346153846,109258,36.419333333333334,16348
Bwd Pkt Len Std,300000,133.18212454970833,206.21627324830519,0.0,0.0,0.0,0.0,0.0,244.0,560.6074723094499,687.9225454740007,1329.360749,188645,62.88166666666667,18390
Flow Byts/s,298160,268412.9953197686,3923591.620327957,0.0,0.0,0.0,0.0,784.31139779455,58102.895682952,487344.4314434631,1066051.9711799975,655000000.0,89488,30.01341561577676,179478
Flow Pkts/s,298160,53271.69063162573,268848.40247915825,0.0167435020394087,0.023194305747,0.08353196112500001,4.664017505,109.94073675584653,5540.16620498615,111111.1111,2000000.0,4000000.0,0,0.0,182451
Flow IAT Mean,300000,3638761.9095644737,14254811.703570535,0.0,1.0,13.0,332.0,13701.0,245594.591675,20981320.14999977,86220958.03,119449324.0,1840,0.6133333333333334,165964
Flow IAT Std,300000,1011203.0702567314,3613717.993602745,0.0,0.0,0.0,0.0,67.88225099390856,247649.27453519075,4775164.658484005,16712395.41967986,84774636.01665772,143935,47.97833333333333,145810
Flow IAT Max,300000,6433488.252366667,17567642.3691561,0.0,1.0,14.0,369.0,24595.0,1311811.75,56321209.15,86269348.87,119935506.0,1840,0.6133333333333334,132213
Flow IAT Min,300000,3190832.6892566667,14238381.452639503,0.0,0.0,0.0,5.0,53.0,868.0,18900000.0,86220958.03,119449324.0,16985,5.661666666666667,39501
Fwd IAT Tot,300000,12306267.695636667,31120261.79741123,0.0,0.0,0.0,0.0,8955.5,2707514.0,112639625.0,118039373.23,120000000.0,86763,28.921000000000003,139087
Fwd IAT Mean,300000,3977779.384065048,14447237.598324725,0.0,0.0,0.0,0.0,5404.0,342806.46429642854,22900000.0,86235683.04,119935506.0,86763,28.921000000000003,143419
Fwd IAT Std,300000,1140896.6662855607,4178739.7873757775,0.0,0.0,0.0,0.0,0.0,224136.87424430775,4958843.102294083,22665804.015365053,84613300.4121418,162232,54.077333333333335,112020
Fwd IAT Max,300000,6250928.860966667,17504134.283738323,0.0,0.0,0.0,0.0,8788.5,1208899.0,56320930.05,86261252.58,119935506.0,86763,28.921000000000003,130144
Fwd IAT Min,300000,3286500.8333066665,14408894.648875743,0.0,0.0,0.0,0.0,39.0,544.0,21000000.0,86235683.04,119935506.0,89391,29.797,51218
Bwd IAT Tot,300000,7730994.913313333,26007552.50246361,0.0,0.0,0.0,0.0,0.0,810460.5,90681176.69999976,117704744.1,120000000.0,172602,57.534,107619
Bwd IAT Mean,300000,846948.6099785279,4403472.440489485,0.0,0.0,0.0,0.0,0.0,208445.2916666667,5071199.624999991,10643590.799090909,119926853.0,172602,57.534,111226
Bwd IAT Std,300000,860308.3580793384,3366617.938443815,0.0,0.0,0.0,0.0,0.0,54777.13904300025,4757460.68841756,21133267.683058172,82533589.76712114,188570,62.85666666666667,109763
Bwd IAT Max,300000,2634716.0290666665,10232666.233654445,0.0,0.0,0.0,0.0,0.0,277993.5,10092500.45,58954327.11,119926853.0,172602,57.534,87512
Bwd IAT Min,300000,302965.409,3889512.1607288276,0.0,0.0,0.0,0.0,0.0,52.0,181245.24999999994,640777.6700000016,119926853.0,184360,61.45333333333334,53312
Fwd PSH Flags,300000,0.04513333333333333,0.2075968670534784,0.0,0.0,0.0,0.0,0.0,0.0,0.0,1.0,1.0,286460,95.48666666666666,2
Bwd PSH Flags,300000,0.0,0.0,0.0,0.0,0.0,0.0,0.0,0.0,0.0,0.0,0.0,300000,100.0,1
Fwd URG Flags,300000,4e-05,0.0063244393687064806,0.0,0.0,0.0,0.0,0.0,0.0,0.0,0.0,1.0,299988,99.996,2
Bwd URG Flags,300000,0.0,0.0,0.0,0.0,0.0,0.0,0.0,0.0,0.0,0.0,0.0,300000,100.0,1
Fwd Header Len,300000,262.9887733333333,12223.236575162155,0.0,0.0,8.0,16.0,40.0,152.0,332.0,712.0,1315024.0,4524,1.508,656
Bwd Header Len,300000,126.21013333333333,2417.3144598544286,0.0,0.0,0.0,8.0,16.0,104.0,372.0,756.0400000000373,530672.0,74423,24.807666666666666,941
Fwd Pkts/s,300000,37352.84546057159,216622.0623689218,0.0,0.022703195903559518,0.0519315185,2.19622341105157,58.758878949899994,3095.9752321981423,74074.07407407407,1000000.0,4000000.0,1840,0.6133333333333334,181788
Bwd Pkts/s,300000,15592.112134872013,94177.76400105344,0.0,0.0,0.0,0.0268351207106429,3.6206200519605587,732.097922725,33333.333333333336,500000.0,2000000.0,74242,24.747333333333334,145551
Pkt Len Min,300000,11.248333333333333,22.663022215291775,0.0,0.0,0.0,0.0,0.0,30.0,46.0,63.0,788.0,219991,73.33033333333333,96
Pkt Len Max,300000,387.72604,512.9121740177154,0.0,0.0,0.0,0.0,97.0,935.0,1460.0,1460.0,20048.0,90633,30.211,1127
Pkt Len Mean,300000,77.42679395384386,103.22303759683658,0.0,0.0,0.0,0.0,52.333333333333336,123.0,222.46153846150193,500.0,1807.3261739314,90633,30.211,24135
Pkt Len Std,300000,120.06273128177465,161.19997053021973,0.0,0.0,0.0,0.0,32.9089653438,280.3960214656316,442.4161555516211,638.9000777137153,3679.7138074403,92946,30.982,26572
Pkt Len Var,300000,40400.40332392609,81760.53295203041,0.0,0.0,0.0,0.0,1083.0,78621.92885375491,195732.05517295495,408193.3093087195,13540293.7046665,92946,30.982,26228
FIN Flag Cnt,300000,0.0047866666666666665,0.06902007221180986,0.0,0.0,0.0,0.0,0.0,0.0,0.0,0.0,1.0,298564,99.52133333333333,2
SYN Flag Cnt,300000,0.04513333333333333,0.2075968670534784,0.0,0.0,0.0,0.0,0.0,0.0,0.0,1.0,1.0,286460,95.48666666666666,2
RST Flag Cnt,300000,0.17291666666666666,0.3781758450493476,0.0,0.0,0.0,0.0,0.0,0.0,1.0,1.0,1.0,248125,82.70833333333333,2
PSH Flag Cnt,300000,0.38794,0.48728158992293796,0.0,0.0,0.0,0.0,0.0,1.0,1.0,1.0,1.0,183618,61.206,2
ACK Flag Cnt,300000,0.32801,0.46948926998805357,0.0,0.0,0.0,0.0,0.0,1.0,1.0,1.0,1.0,201597,67.199,2
URG Flag Cnt,300000,0.04275333333333333,0.20230082115741158,0.0,0.0,0.0,0.0,0.0,0.0,0.0,1.0,1.0,287174,95.72466666666666,2
CWE Flag Count,300000,4e-05,0.0063244393687064806,0.0,0.0,0.0,0.0,0.0,0.0,0.0,0.0,1.0,299988,99.996,2
ECE Flag Cnt,300000,0.17291333333333334,0.37817296202247574,0.0,0.0,0.0,0.0,0.0,0.0,1.0,1.0,1.0,248126,82.70866666666666,2
Down/Up Ratio,300000,0.5111633333333333,0.9950068744073192,0.0,0.0,0.0,0.0,0.0,1.0,1.0,1.0,267.0,152282,50.760666666666665,34
Pkt Size Avg,300000,89.35416121666366,107.61891881258711,0.0,0.0,0.0,0.0,72.5,140.5714286,233.16,517.7007464790007,1807.7068239259,90633,30.211,22056
Fwd Seg Size Avg,300000,48.84075601453626,58.37350973385566,0.0,0.0,0.0,0.0,36.0,64.07142857142857,149.2,197.78000000000208,6033.3684950774,90737,30.245666666666665,12861
Bwd Seg Size Avg,300000,114.09249595710372,164.19380879917028,0.0,0.0,0.0,0.0,66.4,167.0,377.13668827714275,843.5386324786326,1827.1346153846,109258,36.419333333333334,15699
Fwd Byts/b Avg,300000,0.0,0.0,0.0,0.0,0.0,0.0,0.0,0.0,0.0,0.0,0.0,300000,100.0,1
Fwd Pkts/b Avg,300000,0.0,0.0,0.0,0.0,0.0,0.0,0.0,0.0,0.0,0.0,0.0,300000,100.0,1
Fwd Blk Rate Avg,300000,0.0,0.0,0.0,0.0,0.0,0.0,0.0,0.0,0.0,0.0,0.0,300000,100.0,1
Bwd Byts/b Avg,300000,0.0,0.0,0.0,0.0,0.0,0.0,0.0,0.0,0.0,0.0,0.0,300000,100.0,1
Bwd Pkts/b Avg,300000,0.0,0.0,0.0,0.0,0.0,0.0,0.0,0.0,0.0,0.0,0.0,300000,100.0,1
Bwd Blk Rate Avg,300000,0.0,0.0,0.0,0.0,0.0,0.0,0.0,0.0,0.0,0.0,0.0,300000,100.0,1
Subflow Fwd Pkts,300000,24.42182,1524.2191405769652,1.0,1.0,1.0,1.0,2.0,5.0,16.0,30.0,164378.0,0,0.0,386
Subflow Fwd Byts,300000,997.97776,51217.70812446945,0.0,0.0,0.0,0.0,43.0,445.0,1337.0,2367.0,8579450.0,90737,30.245666666666665,4073
Subflow Bwd Pkts,300000,5.937013333333334,120.78365259828117,0.0,0.0,0.0,1.0,1.0,4.0,15.0,36.0,26533.0,74209,24.73633333333333,481
Subflow Bwd Byts,300000,4081.6864966666667,173867.6780757669,0.0,0.0,0.0,0.0,102.0,738.0,4286.0,21334.02000000002,38675626.0,109258,36.419333333333334,9598
Init Fwd Win Byts,300000,7315.756583333334,14145.068740492234,-1.0,-1.0,-1.0,-1.0,279.0,8192.0,32738.0,65535.0,65535.0,1436,0.47866666666666663,2260
Init Bwd Win Byts,300000,8487.251336666666,20829.374452828557,-1.0,-1.0,-1.0,-1.0,-1.0,230.0,62868.0,63764.0,65535.0,20781,6.927,2821
Fwd Act Data Pkts,300000,20.901336666666666,1523.6625119954817,0.0,0.0,0.0,0.0,0.0,2.0,8.0,16.0,164377.0,159974,53.324666666666666,146
Fwd Seg Size Min,300000,17.990373333333334,7.8702956614815225,0.0,0.0,8.0,8.0,20.0,20.0,32.0,40.0,44.0,4524,1.508,9
Active Mean,300000,169976.14964491077,2467364.8161342735,0.0,0.0,0.0,0.0,0.0,0.0,155966.107145,2994776.950000006,111276662.0,269570,89.85666666666667,29753
Active Std,300000,85142.33377066987,1486761.7769414329,0.0,0.0,0.0,0.0,0.0,0.0,50074.17921638593,981938.7636482262,63767238.8381528,278835,92.945,21079
Active Max,300000,258996.16864666666,3267212.7796569886,0.0,0.0,0.0,0.0,0.0,0.0,335473.8499999998,3749496.6900000023,111276662.0,269570,89.85666666666667,29329
Active Min,300000,113473.36964666667,2081555.693246208,0.0,0.0,0.0,0.0,0.0,0.0,77851.0,2102489.590000014,111276662.0,269570,89.85666666666667,20491
Idle Mean,300000,4972879.664022331,16217999.374202615,0.0,0.0,0.0,0.0,0.0,0.0,56318012.125,86246919.17,119935506.0,255353,85.11766666666666,37706
Idle Std,300000,150154.5297622627,1659602.7647644903,0.0,0.0,0.0,0.0,0.0,0.0,39300.64917335108,2430587.07076178,56046489.09390768,275795,91.93166666666667,22639
Idle Max,300000,5100576.45191,16460355.279539857,0.0,0.0,0.0,0.0,0.0,0.0,56319789.1,86247309.12,119935506.0,255353,85.11766666666666,33853
Idle Min,300000,4830487.733096667,16098910.425390067,0.0,0.0,0.0,0.0,0.0,0.0,56317708.0,86246919.17,119935506.0,255353,85.11766666666666,35616
