feature_a,feature_b,correlation,abs_correlation
TotLen Fwd Pkts,Subflow Fwd Byts,1.0,1.0
Fwd PSH Flags,SYN Flag Cnt,1.0,1.0
Tot Bwd Pkts,Subflow Bwd Pkts,1.0,1.0
Fwd URG Flags,CWE Flag Count,1.0,1.0
TotLen Bwd Pkts,Subflow Bwd Byts,1.0,1.0
Tot Fwd Pkts,Subflow Fwd Pkts,1.0,1.0
Fwd Pkt Len Mean,Fwd Seg Size Avg,1.0,1.0
Bwd Pkt Len Mean,Bwd Seg Size Avg,1.0,1.0
RST Flag Cnt,ECE Flag Cnt,0.9999883463114864,0.9999883463114864
Bwd Header Len,Subflow Bwd Pkts,0.9997527727065126,0.9997527727065126
Tot Bwd Pkts,Bwd Header Len,0.9997527727065125,0.9997527727065125
Tot Fwd Pkts,Fwd Act Data Pkts,0.9996242157112583,0.9996242157112583
Subflow Fwd Pkts,Fwd Act Data Pkts,0.9996242157112583,0.9996242157112583
Fwd Header Len,Subflow Fwd Pkts,0.9988250727828338,0.9988250727828338
Tot Fwd Pkts,Fwd Header Len,0.9988250727828338,0.9988250727828338
Fwd Header Len,Fwd Act Data Pkts,0.9971758711764646,0.9971758711764646
Flow Duration,Fwd IAT Tot,0.9968350467059022,0.9968350467059022
Idle Mean,Idle Min,0.9966918653943705,0.9966918653943705
Idle Mean,Idle Max,0.9959846583300032,0.9959846583300032
Subflow Bwd Pkts,Subflow Bwd Byts,0.9952406694477076,0.9952406694477076
Tot Bwd Pkts,Subflow Bwd Byts,0.9952406694477076,0.9952406694477076
Tot Bwd Pkts,TotLen Bwd Pkts,0.9952406694477076,0.9952406694477076
TotLen Bwd Pkts,Subflow Bwd Pkts,0.9952406694477074,0.9952406694477074
Bwd Header Len,Subflow Bwd Byts,0.9945417351452623,0.9945417351452623
TotLen Bwd Pkts,Bwd Header Len,0.994541735145262,0.994541735145262
Pkt Len Mean,Pkt Size Avg,0.9927422734881122,0.9927422734881122
Flow IAT Max,Fwd IAT Max,0.9925348690241451,0.9925348690241451
Flow IAT Mean,Flow IAT Min,0.9921756778860273,0.9921756778860273
Flow IAT Mean,Fwd IAT Mean,0.990776407305633,0.990776407305633
Flow IAT Mean,Fwd IAT Min,0.9891377162258883,0.9891377162258883
Fwd IAT Mean,Fwd IAT Min,0.9872504662339191,0.9872504662339191
Flow IAT Min,Fwd IAT Min,0.9866842885630123,0.9866842885630123
Idle Max,Idle Min,0.9859970083369669,0.9859970083369669
Flow IAT Min,Fwd IAT Mean,0.9736999717222633,0.9736999717222633
Bwd Pkt Len Max,Bwd Pkt Len Std,0.9720281712718475,0.9720281712718475
Bwd Pkt Len Max,Pkt Len Max,0.9705601083169811,0.9705601083169811
Pkt Len Max,Pkt Len Std,0.9656094778768862,0.9656094778768862
Fwd Pkt Len Max,Fwd Pkt Len Std,0.9581354232620518,0.9581354232620518
Bwd Pkt Len Std,Pkt Len Max,0.956654730835614,0.956654730835614
Subflow Fwd Byts,Fwd Act Data Pkts,0.9524306976009784,0.9524306976009784
TotLen Fwd Pkts,Fwd Act Data Pkts,0.9524306976009784,0.9524306976009784
Bwd Pkt Len Std,Pkt Len Std,0.9524092594159645,0.9524092594159645
TotLen Fwd Pkts,Subflow Fwd Pkts,0.9521640199119645,0.9521640199119645
Subflow Fwd Pkts,Subflow Fwd Byts,0.9521640199119645,0.9521640199119645
Tot Fwd Pkts,TotLen Fwd Pkts,0.9521640199119645,0.9521640199119645
Tot Fwd Pkts,Subflow Fwd Byts,0.9521640199119645,0.9521640199119645
Fwd Pkt Len Min,Pkt Len Min,0.9511853083995975,0.9511853083995975
Fwd Header Len,Subflow Fwd Byts,0.9507948318993551,0.9507948318993551
TotLen Fwd Pkts,Fwd Header Len,0.9507948318993551,0.9507948318993551
Bwd Pkt Len Mean,Pkt Len Mean,0.949609296215715,0.949609296215715
Pkt Len Mean,Bwd Seg Size Avg,0.9496092962157149,0.9496092962157149
Active Mean,Active Max,0.9482726606113643,0.9482726606113643
Flow Pkts/s,Fwd Pkts/s,0.9463959937226639,0.9463959937226639
Pkt Size Avg,Bwd Seg Size Avg,0.9437176758079959,0.9437176758079959
Bwd Pkt Len Mean,Pkt Size Avg,0.9437176758079959,0.9437176758079959
Bwd Pkt Len Max,Pkt Len Std,0.9319245741887637,0.9319245741887637
Flow IAT Max,Idle Max,0.9138842631870006,0.9138842631870006
Flow IAT Max,Idle Mean,0.9103374476292528,0.9103374476292528
Active Mean,Active Min,0.9084426096078102,0.9084426096078102
Fwd IAT Max,Idle Max,0.9076293835096603,0.9076293835096603
Fwd IAT Max,Idle Mean,0.9043406085565071,0.9043406085565071
Pkt Len Std,Pkt Len Var,0.9037715668184482,0.9037715668184482
Flow IAT Max,Idle Min,0.9014439692485106,0.9014439692485106
