feature,sample_count,min,q1,median,q3,max,iqr,lower_bound,upper_bound,outlier_count,outlier_percentage
Bwd IAT Min,300000,0.0,0.0,0.0,52.0,119926853.0,52.0,-78.0,130.0,73244,24.41466666666667
Bwd IAT Max,300000,0.0,0.0,0.0,277993.5,119926853.0,277993.5,-416990.25,694983.75,71434,23.811333333333334
Bwd IAT Std,300000,0.0,0.0,0.0,54777.13904300025,82533589.76712114,54777.13904300025,-82165.70856450038,136942.84760750062,70630,23.543333333333333
Fwd IAT Min,300000,0.0,0.0,39.0,544.0,119935506.0,544.0,-816.0,1360.0,68172,22.724
Flow IAT Max,300000,0.0,369.0,24595.0,1311811.75,119935506.0,1311442.75,-1966795.125,3278975.875,65327,21.775666666666666
Fwd IAT Max,300000,0.0,0.0,8788.5,1208899.0,119935506.0,1208899.0,-1813348.5,3022247.5,60436,20.145333333333333
Fwd IAT Mean,300000,0.0,0.0,5404.0,342806.46429642854,119935506.0,342806.46429642854,-514209.69644464285,857016.1607410714,58981,19.660333333333334
Flow IAT Mean,300000,0.0,332.0,13701.0,245594.591675,119449324.0,245262.591675,-367561.8875125,613488.4791875,57681,19.227
Init Bwd Win Byts,300000,-1.0,-1.0,-1.0,230.0,65535.0,231.0,-347.5,576.5,56039,18.679666666666666
Bwd Pkts/s,300000,0.0,0.0268351207106429,3.6206200519605587,732.097922725,2000000.0,732.0710876042893,-1098.0797962857234,1830.204554131434,54473,18.157666666666668
Bwd IAT Tot,300000,0.0,0.0,0.0,810460.5,120000000.0,810460.5,-1215690.75,2026151.25,53078,17.692666666666668
Flow IAT Min,300000,0.0,5.0,53.0,868.0,119449324.0,863.0,-1289.5,2162.5,52877,17.625666666666667
RST Flag Cnt,300000,0.0,0.0,0.0,0.0,1.0,0.0,0.0,0.0,51875,17.291666666666668
ECE Flag Cnt,300000,0.0,0.0,0.0,0.0,1.0,0.0,0.0,0.0,51874,17.291333333333334
Flow Byts/s,298160,0.0,0.0,784.31139779455,58102.895682952,655000000.0,58102.895682952,-87154.343524428,145257.23920738,51055,17.123356587067345
Flow IAT Std,300000,0.0,0.0,67.88225099390856,247649.27453519075,84774636.01665772,247649.27453519075,-371473.9118027861,619123.1863379768,51032,17.010666666666665
Fwd Pkts/s,300000,0.0,2.19622341105157,58.758878949899994,3095.9752321981423,4000000.0,3093.779008787091,-4638.472289769585,7736.6437453787785,48685,16.22833333333333
Dst Port,300000,0.0,53.0,80.0,3389.0,65534.0,3336.0,-4951.0,8393.0,47257,15.752333333333333
Flow Duration,300000,0.0,464.0,29694.5,3495002.25,119999979.0,3494538.25,-5241343.375,8736809.625,46617,15.539
Fwd IAT Tot,300000,0.0,0.0,8955.5,2707514.0,120000000.0,2707514.0,-4061271.0,6768785.0,46439,15.479666666666667
Fwd IAT Std,300000,0.0,0.0,0.0,224136.87424430775,84613300.4121418,224136.87424430775,-336205.3113664616,560342.1856107693,45602,15.200666666666669
Idle Mean,300000,0.0,0.0,0.0,0.0,119935506.0,0.0,0.0,0.0,44647,14.882333333333333
Idle Min,300000,0.0,0.0,0.0,0.0,119935506.0,0.0,0.0,0.0,44647,14.882333333333333
Idle Max,300000,0.0,0.0,0.0,0.0,119935506.0,0.0,0.0,0.0,44647,14.882333333333333
Flow Pkts/s,298160,0.0167435020394087,4.664017505,109.94073675584653,5540.16620498615,4000000.0,5535.50218748115,-8298.589263716725,13843.419486207875,42899,14.387912530185135
TotLen Fwd Pkts,300000,0.0,0.0,43.0,445.0,8579450.0,445.0,-667.5,1112.5,42824,14.274666666666667
Subflow Fwd Byts,300000,0.0,0.0,43.0,445.0,8579450.0,445.0,-667.5,1112.5,42824,14.274666666666667
Bwd IAT Mean,300000,0.0,0.0,0.0,208445.2916666667,119926853.0,208445.2916666667,-312667.9375,521113.2291666667,41834,13.944666666666667
Fwd Pkt Len Max,300000,0.0,0.0,41.0,270.0,20048.0,270.0,-405.0,675.0,38131,12.710333333333335
Tot Bwd Pkts,300000,0.0,1.0,1.0,4.0,26533.0,3.0,-3.5,8.5,31160,10.386666666666667
Subflow Bwd Pkts,300000,0.0,1.0,1.0,4.0,26533.0,3.0,-3.5,8.5,31160,10.386666666666667
Active Min,300000,0.0,0.0,0.0,0.0,111276662.0,0.0,0.0,0.0,30430,10.143333333333333
Active Mean,300000,0.0,0.0,0.0,0.0,111276662.0,0.0,0.0,0.0,30430,10.143333333333333
Active Max,300000,0.0,0.0,0.0,0.0,111276662.0,0.0,0.0,0.0,30430,10.143333333333333
Fwd Act Data Pkts,300000,0.0,0.0,0.0,2.0,164377.0,2.0,-3.0,5.0,29858,9.952666666666667
Init Fwd Win Byts,300000,-1.0,-1.0,279.0,8192.0,65535.0,8193.0,-12290.5,20481.5,29014,9.671333333333333
TotLen Bwd Pkts,300000,0.0,0.0,102.0,738.0,38675626.0,738.0,-1107.0,1845.0,28964,9.654666666666667
Subflow Bwd Byts,300000,0.0,0.0,102.0,738.0,38675626.0,738.0,-1107.0,1845.0,28964,9.654666666666667
Subflow Fwd Pkts,300000,1.0,1.0,2.0,5.0,164378.0,4.0,-5.0,11.0,27524,9.174666666666667
Tot Fwd Pkts,300000,1.0,1.0,2.0,5.0,164378.0,4.0,-5.0,11.0,27524,9.174666666666667
Idle Std,300000,0.0,0.0,0.0,0.0,56046489.09390768,0.0,0.0,0.0,24205,8.068333333333333
Bwd Pkt Len Max,300000,0.0,0.0,96.0,488.0,1935.0,488.0,-732.0,1220.0,22985,7.661666666666667
Bwd Header Len,300000,0.0,8.0,16.0,104.0,530672.0,96.0,-136.0,248.0,22881,7.627000000000001
Active Std,300000,0.0,0.0,0.0,0.0,63767238.8381528,0.0,0.0,0.0,21165,7.055
Bwd Pkt Len Min,300000,0.0,0.0,0.0,51.0,1189.0,51.0,-76.5,127.5,20483,6.8276666666666666
Fwd Pkt Len Std,300000,0.0,0.0,0.0,92.95339334,4441.717862014,92.95339334,-139.43009001000001,232.38348335,16714,5.571333333333333
Pkt Len Var,300000,0.0,0.0,1083.0,78621.92885375491,13540293.7046665,78621.92885375491,-117932.89328063237,196554.82213438727,14959,4.9863333333333335
Fwd Seg Size Avg,300000,0.0,0.0,36.0,64.07142857142857,6033.3684950774,64.07142857142857,-96.10714285714286,160.17857142857144,14214,4.7379999999999995
Fwd Pkt Len Mean,300000,0.0,0.0,36.0,64.07142857142856,6033.3684950774,64.07142857142856,-96.10714285714283,160.1785714285714,14214,4.7379999999999995
SYN Flag Cnt,300000,0.0,0.0,0.0,0.0,1.0,0.0,0.0,0.0,13540,4.513333333333333
Fwd PSH Flags,300000,0.0,0.0,0.0,0.0,1.0,0.0,0.0,0.0,13540,4.513333333333333
Bwd Seg Size Avg,300000,0.0,0.0,66.4,167.0,1827.1346153846,167.0,-250.5,417.5,13297,4.432333333333333
Bwd Pkt Len Mean,300000,0.0,0.0,66.4,167.0,1827.1346153846,167.0,-250.5,417.5,13297,4.432333333333333
URG Flag Cnt,300000,0.0,0.0,0.0,0.0,1.0,0.0,0.0,0.0,12826,4.275333333333333
Bwd Pkt Len Std,300000,0.0,0.0,0.0,244.0,1329.360749,244.0,-366.0,610.0,11490,3.83
Fwd Header Len,300000,0.0,16.0,40.0,152.0,1315024.0,136.0,-188.0,356.0,11161,3.720333333333333
Pkt Len Mean,300000,0.0,0.0,52.333333333333336,123.0,1807.3261739314,123.0,-184.5,307.5,8257,2.7523333333333335
Fwd Seg Size Min,300000,0.0,8.0,20.0,20.0,44.0,12.0,-10.0,38.0,7605,2.535
Pkt Size Avg,300000,0.0,0.0,72.5,140.5714286,1807.7068239259,140.5714286,-210.85714289999999,351.4285715,7103,2.3676666666666666
Fwd Pkt Len Min,300000,0.0,0.0,0.0,30.0,1412.0,30.0,-45.0,75.0,1766,0.5886666666666667
Pkt Len Min,300000,0.0,0.0,0.0,30.0,788.0,30.0,-45.0,75.0,1703,0.5676666666666667
FIN Flag Cnt,300000,0.0,0.0,0.0,0.0,1.0,0.0,0.0,0.0,1436,0.47866666666666663
Pkt Len Std,300000,0.0,0.0,32.9089653438,280.3960214656316,3679.7138074403,280.3960214656316,-420.5940321984474,700.9900536640789,744,0.248
Down/Up Ratio,300000,0.0,0.0,0.0,1.0,267.0,1.0,-1.5,2.5,686,0.22866666666666668
CWE Flag Count,300000,0.0,0.0,0.0,0.0,1.0,0.0,0.0,0.0,12,0.004
Fwd URG Flags,300000,0.0,0.0,0.0,0.0,1.0,0.0,0.0,0.0,12,0.004
Pkt Len Max,300000,0.0,0.0,97.0,935.0,20048.0,935.0,-1402.5,2337.5,1,0.0003333333333333333
Protocol,300000,0.0,6.0,6.0,17.0,17.0,11.0,-10.5,33.5,0,0.0
Bwd PSH Flags,300000,0.0,0.0,0.0,0.0,0.0,0.0,0.0,0.0,0,0.0
Bwd URG Flags,300000,0.0,0.0,0.0,0.0,0.0,0.0,0.0,0.0,0,0.0
Bwd Blk Rate Avg,300000,0.0,0.0,0.0,0.0,0.0,0.0,0.0,0.0,0,0.0
Bwd Pkts/b Avg,300000,0.0,0.0,0.0,0.0,0.0,0.0,0.0,0.0,0,0.0
Bwd Byts/b Avg,300000,0.0,0.0,0.0,0.0,0.0,0.0,0.0,0.0,0,0.0
Fwd Blk Rate Avg,300000,0.0,0.0,0.0,0.0,0.0,0.0,0.0,0.0,0,0.0
Fwd Pkts/b Avg,300000,0.0,0.0,0.0,0.0,0.0,0.0,0.0,0.0,0,0.0
Fwd Byts/b Avg,300000,0.0,0.0,0.0,0.0,0.0,0.0,0.0,0.0,0,0.0
ACK Flag Cnt,300000,0.0,0.0,0.0,1.0,1.0,1.0,-1.5,2.5,0,0.0
PSH Flag Cnt,300000,0.0,0.0,0.0,1.0,1.0,1.0,-1.5,2.5,0,0.0
