absolute_path,bytes,sha256
/home/geonug/kdt-linux/ML/reports/CSE_CIC_IDS2018_Security_AI_Final_Experiment_Report.pdf,2177034,79aff0f677ebb042705c8e1f612866507cc35e3ec8411bafbabd337ae7d45d24
/home/geonug/kdt-linux/ML/reports/CSE_CIC_IDS2018_Security_AI_Final_Experiment_Report.docx,1552386,3f989a65f3a8353c37f3a990e90c00abf0f580855c4ee7008ea3a7a10a4d8855
/home/geonug/kdt-linux/ML/reports/CSE_CIC_IDS2018_Security_AI_Final_Experiment_Report.content.json,72268,46ac1b7480b4f6c3eb1b031fb1c9421955e4a990bbd4cd158dddab9ba12738b5
/home/geonug/kdt-linux/ML/results/final_report/final_metrics_summary.csv,113448,9e5bdf151c6eb16bc1565a7529887efb79df85783a27c84fd598313ce47404c2
/home/geonug/kdt-linux/ML/results/final_report/ondevice_model_comparison.csv,1436,c6ad8b855b8253bbc83b9809fa77f58944cfc4ce2309d2ce8d314572c93a57c2
/home/geonug/kdt-linux/ML/results/final_report/source_manifest.csv,12308,851bddfacd3a83c4d589e367e90afd02dce86355d69d2eb94177629189711eac
/home/geonug/kdt-linux/ML/results/final_report/pdf_quality_check.json,11236,944efe7e762a72aee8a236106e83309411053a3876ccb9d1ab38cd060bf1abae
/home/geonug/kdt-linux/ML/results/final_report/figures/01_v3_v4_performance.png,67726,3661cca50405de4b8b90513e09b71e6c5fc0664d4324665aa34cf318c3247add
/home/geonug/kdt-linux/ML/results/final_report/figures/02_model_macro_f1.png,53957,ce25315a1af663d06013dc0e42e6df9253ac0adc16feefba1161c31f1fad8397
/home/geonug/kdt-linux/ML/results/final_report/figures/03_model_size.png,57242,5b38cbe01f4cea88a77cf3e53d7a775a7569d920d215cddbf4240c812bad480b
/home/geonug/kdt-linux/ML/results/final_report/figures/04_latency_by_batch.png,102205,8650b6583326ceb39f35e383c752ca0a08b57604036d8c8c829a91b3add4de6d
/home/geonug/kdt-linux/ML/results/final_report/figures/05_throughput_by_batch.png,90712,8bb84f7a1aff1f474e75516c63a3296caed98ce90b65d6e272dd24e66eda36df
/home/geonug/kdt-linux/ML/results/final_report/figures/06_model_load_rss.png,58740,d31e41dcdafb3153438e3b13545a37b42f5b9bb518628e1426e4b9eebc594ae0
/home/geonug/kdt-linux/ML/results/final_report/figures/07_peak_delta_rss.png,61401,edfd10dd5f8e14b6e28b4f8e48e105177475c88eea0ac492f6f32ef8f8cd08f8
/home/geonug/kdt-linux/ML/results/final_report/figures/08_accuracy_macro_f1.png,62299,0db263f1882a5e9eb2d810ff9fd4e1f383b884413a8d86d6774a61cd15475d1f
/home/geonug/kdt-linux/ML/results/final_report/figures/09_feature_reduction.png,71091,ef382cc8cf51cba26e99097a8e1753d23f1bc3f8753758ed1433d6460943777e
/home/geonug/kdt-linux/ML/results/final_report/figures/10_statistical_effect_size.png,82658,ea3b43b21b5649cb1f5b4684f7da6ba1f366b910258128cfac03067085889e62
/home/geonug/kdt-linux/ML/results/final_report/figures/11_feature_importance.png,75852,556fa7663dd14c8d1a5c30681b95d4a5e4fc1cf7fc812613fee2a68ab33a08c5
/home/geonug/kdt-linux/ML/results/final_report/figures/12_multiclass_effect.png,77431,25c59a0d593717157817d3d417613bb1b9b564990c496b9d3af93b470774a10f
/home/geonug/kdt-linux/ML/results/final_report/figures/13_class_distribution.png,109781,c0eb7ae4efdc23cfdd4c4529064a16eaffc01dde37715393863cfa5cc6ea4458
