model,batch_size,median_latency_ms,throughput_flows_s,runs,warmup,min_latency_ms,max_latency_ms
lightgbm,1,3.80833,262.5822867241022,3,2,2.695801,4.016107
lightgbm,32,98.782107,323.9453072204666,3,2,85.452797,129.610792
lightgbm,256,669.460105,382.3976934368628,3,2,636.218062,685.162698
lightgbm,4096,11414.477328,358.84253674519186,3,2,11105.889818,11475.870488
fp32,1,0.03426,29188.55808523059,30,2,0.033406,0.073112
fp32,32,0.059944,533831.5761377285,30,2,0.056826,0.094663
fp32,256,0.2989765,856254.5885713426,30,2,0.201462,0.396776
fp32,4096,5.6103615,730077.7320677108,30,2,4.606502,14.598015
int8,1,0.6288555,1590.1904332553345,30,2,0.44831,1.037275
int8,32,1.38028,23183.70185759411,30,2,0.844347,2.240959
int8,256,4.6804625,54695.449434751376,30,2,3.9418,8.350092
int8,4096,77.387111,52928.71057042044,30,2,72.40738,86.741526
