path,bytes,sha256
README.md,17394,b60854fbe524da47f529db44973a964c677e93ce8c9dbb673b74fb518c9d9531
models/network/dnn_top40_v4_best.pt,398041,85cbc702d1b0a137c4f44b23be6911691cc89d5bfef0c388cf282e9500c49160
models/network/dnn_top40_v4_dynamic_int8.pt,46869,1b4a36068921697aa36e3d8e92d122e6984239387ca769105a31dcaa93149a8f
models/network/dnn_top40_v4_scaler.joblib,1543,528cfa770181bb61bdcc5d30b2cae8a171dfa63399f3fd33f9a15ab5fbc67d32
models/network/lightgbm_top40_v4b2.txt,48637456,eb28cc855a65d336cd1b2720ec4fcc2958874444e33fae5b78c1cae4e4c62924
notebooks/dnn_top40_v4.ipynb,86818,81f2ff7e59a371d40ae2f6f06de2ea5c4b41480f52facc2b5821fb74b4f26b82
notebooks/final_evaluation.ipynb,38073,a51ab38520459a70fea33bb9be0e64174f7951fad62a8f3b88806e2bb533289d
notebooks/model_sample_v4.ipynb,249110,3b95ee47739268345d9e32f741778481ef8b23ff83dbaaf9d43f48701b1a8d87
notebooks/ondevice_benchmark_v4.ipynb,29741,90df2d159536bb396da2ed73e4bcea99542a237aa5ec4119db905717c756c7aa
notebooks/preprocessing.ipynb,995136,cd6d6dfde3642d5388e21c2dbaac1365a97e565cf48e6c482bddebdf2cf33c7f
notebooks/statistical_analysis_v4.ipynb,49750,8aaf84eb391ed06141a79859f2005e5a1dfea03d9c34c0df9bd2776c428cb54c
results/data_quality/class_distribution.csv,978,0846573a3c2ac349a88a837c1e381995a931a68b277b02c52fa20659a5636ca9
results/data_quality/dataset_profile.csv,264,3e366c9cc00a9a7c65cc4a8b1f08aa523b2f094df4bc94926121d778476be86b
results/data_quality/feature_correlation_matrix.csv,104091,21fea95658597110345014501f06418d0c452fd986b1ee0a719a3886a160f756
results/data_quality/feature_correlation_pairs.csv,164691,8bbde6250df79a820abe1bc7ba3153d17506e93cfd748c48e22d7bf6db3fe52f
results/data_quality/feature_distribution.csv,10967,b8ca4c78e7101b6ecaf0c196f33af0acf2d407385298214b1957b5563e0336ca
results/data_quality/high_correlation_features.csv,3976,af55d48fa191cadf4818c1f924cc6efb14766c3de6a066c1b7ce6c68e0490e95
results/data_quality/outlier_report.csv,7708,b526d75a60e440e405b8e59b2bad012f3bc041da31f7b15a5a8a53853e8723ae
results/data_quality/source_file_label_distribution_sample.csv,1043,8994fad07ae30189baf2319c68f75fde4386fcbac483365db00fdef9716baf83
results/dnn_top40_v4/dnn_fp32_full_valid_classification_report.csv,1112,a9e91c31a15fef5da2217670dc02f0e88c4486e1261a613108a52ed30bd41576
results/dnn_top40_v4/dnn_fp32_full_valid_confusion_matrix.csv,594,5eb18d77960d82c2b60d00a3c542a92e9b3a0de07aefde27103b6d636cc57e89
results/dnn_top40_v4/dnn_fp32_full_valid_metrics.csv,201,e34e13f7d6a0fdf4ab0d079eb7778016f93736040a7ee2677f7aa016cacb9ac0
results/dnn_top40_v4/dnn_torchao_int8_full_valid_classification_report.csv,1113,a2bbcb7218b0ee537811721ab27a096d77fcfcdc758bce12bec8ef67f08272e5
results/dnn_top40_v4/dnn_torchao_int8_full_valid_confusion_matrix.csv,593,e4080c68e0aa6011e0886840491fa5f61cac8a1044e8f07b2fa8063614a74227
results/dnn_top40_v4/dnn_torchao_int8_full_valid_metrics.csv,201,cf515ea55139418889c7d12dfe58d802cc7c6649e1ec67bbcdd337ab298ecf31
results/dnn_top40_v4/training_history.csv,2111,b2abc1c2a4282651d415c97c95ab07e1a6d266e341f6a5e0fd3f7431ea32f33a
results/experiment_report/figures/01_model_macro_f1_comparison.png,117187,84e9482ddc5fc15ac9c4fe7e57d25b594d2357d2dee11431dabc1f9315ea9d2d
results/experiment_report/figures/02_accuracy_vs_macro_f1.png,100238,ea3941a32d4431230bae119d7672e3efe6cdd8041c4b78101b614b24836fd2b9
results/experiment_report/figures/03_feature_reduction.png,97461,b7adb4dca72d2a947348063d924c325bf5c0e8b140233dbe727ee154a8444df0
results/experiment_report/figures/04_lightgbm_per_class_f1.png,130243,31cb6634236223edd9fb1696872851b9bb15b46fc2147fba84b3c658280a0858
results/experiment_report/figures/05_lightgbm_confusion_matrix.png,204514,76ececaf992f6d73b25681b9ba984a89cc3968e3f54b46dfe35007b55f9e6e6c
results/experiment_report/figures/06_xgb_lgbm_agreement.png,77420,2951070b5ebc79b46bf36cc041a043f94f04bf7dd367dbbdb80d47c0cc59d3fe
results/experiment_report/figures/07_benign_infilteration_errors.png,54786,d5989031a47ba5bb8d360e3df66e7149aa34b115bf8d8e9e72cd65799f37c996
results/feature_selection/feature_reduction_comparison_v3.csv,749,2dff87d1ff45535a15b86cfd270812cc0dd3e14ae19bf6fb81e450d94536f3a1
results/feature_selection/model_comparison_v3.csv,456,af7234564962c0b458ebc614f5e6bb7c1605c642db4e9e8a6015f20b6756cc16
results/feature_selection/top10_features.csv,175,fb4366c6f356f17a562cc91a231a79ed83cdb3364b49cf5d83b8897720a7bdb1
results/feature_selection/top20_features.csv,346,29ca88c47c7b3bed3edf5602d317916f7aad18b74f5b8931646d4f795901ad57
results/feature_selection/top40_features.csv,675,feef58ff01b7d9a8b992fb4475ebaeb910b11ebdf23cd9ff5658c10e86865b3d
results/final_evaluation/test_batch_stats.csv,1576,e2d6043846aafe5d5cf17753834fc5231d9b89c5d85b7c7fe77032def881bd03
results/final_evaluation/test_confusion_matrix.csv,1019,120e24c86ab163fb3c87c4410fc43f99ff3c27139c2cf686fe6170eb22447f4a
results/final_report/benchmark_fp32.csv,332,20263cdfa1b202cacc818543c7610c260f22e053ad5a80064a39a2f86281b8d7
results/final_report/benchmark_int8.csv,332,82df800f83ff841fad2527c458e678865870d10c73c89bb2d5803f9f03aa6018
results/final_report/benchmark_lightgbm.csv,364,45b35b413d7fa6eee85b1ccf03f4acd6805f5cf38e0879558c90bf1a31ea445e
results/final_report/figures/01_v3_v4_performance.png,67726,3661cca50405de4b8b90513e09b71e6c5fc0664d4324665aa34cf318c3247add
results/final_report/figures/02_model_macro_f1.png,53957,ce25315a1af663d06013dc0e42e6df9253ac0adc16feefba1161c31f1fad8397
results/final_report/figures/03_model_size.png,57242,5b38cbe01f4cea88a77cf3e53d7a775a7569d920d215cddbf4240c812bad480b
results/final_report/figures/04_latency_by_batch.png,102205,8650b6583326ceb39f35e383c752ca0a08b57604036d8c8c829a91b3add4de6d
results/final_report/figures/05_throughput_by_batch.png,90712,8bb84f7a1aff1f474e75516c63a3296caed98ce90b65d6e272dd24e66eda36df
results/final_report/figures/06_model_load_rss.png,58740,d31e41dcdafb3153438e3b13545a37b42f5b9bb518628e1426e4b9eebc594ae0
results/final_report/figures/07_peak_delta_rss.png,61401,edfd10dd5f8e14b6e28b4f8e48e105177475c88eea0ac492f6f32ef8f8cd08f8
results/final_report/figures/08_accuracy_macro_f1.png,62299,0db263f1882a5e9eb2d810ff9fd4e1f383b884413a8d86d6774a61cd15475d1f
results/final_report/figures/09_feature_reduction.png,71091,ef382cc8cf51cba26e99097a8e1753d23f1bc3f8753758ed1433d6460943777e
results/final_report/figures/10_statistical_effect_size.png,82658,ea3b43b21b5649cb1f5b4684f7da6ba1f366b910258128cfac03067085889e62
results/final_report/figures/11_feature_importance.png,75852,556fa7663dd14c8d1a5c30681b95d4a5e4fc1cf7fc812613fee2a68ab33a08c5
results/final_report/figures/12_multiclass_effect.png,77431,25c59a0d593717157817d3d417613bb1b9b564990c496b9d3af93b470774a10f
results/final_report/figures/13_class_distribution.png,109781,c0eb7ae4efdc23cfdd4c4529064a16eaffc01dde37715393863cfa5cc6ea4458
results/final_report/inference_benchmark_verified.csv,836,0c7dd8ba2801ad1f051a5399a96d5ede1eeb1ed62f23ca5f6d3ba407480fd653
results/final_report/label_conflict_pairs_verified.csv,168,6a540233136c8393d4de8f1da395ce0eac9a7cc14c10fc9574c13d9ddd258334
results/final_report/memory_fp32.json,281,5c0e7d69bae2dfb4da77396739db51a714a2b12c8ab0d6d386379b58531330f7
results/final_report/memory_int8.json,288,38e2187a4a9f854ff514fa5c784ab065373c6bb8271af8f18f9d167d42fb5beb
results/final_report/memory_lightgbm.json,285,b69bef008fd324ec25c5f2345099810719979374c0294cac10591760bac14965
results/final_report/runtime_memory_verified.csv,412,9c0d56faf6aa9e1c4eae74c7377bb57cc46bbf724749d3dd713e8cf6cdafe88c
results/model_comparison_v3/model_diversity_comparison.csv,741,c38269c40f1d50b422489ead6d860e7f419c637a3be54acaf271bd4a0b63dea5
results/model_comparison_v3/top40_model_comparison.csv,353,4b1682f3c12323ef5a08542a6e08dfa13c7cffbe8f072e16663002f0d61baf3f
results/model_sample_v4/frequency_checkpoint_integrity.csv,1212,e29eac2a579fab6efc4f0f41ef9ba4eab5e7912a017eaaa5aea8bd13ee115983
results/model_sample_v4/full78_vs_top40_conflict.csv,731,b854968754225c0f883869e14871916d4ff1fafe1f5020d71a4de039a999f6da
results/model_sample_v4/top40_projection_integrity.csv,1028,408af3e6303e7d4c5273bc2a5a42a468ca3bb944df656db3988e690072bb0241
results/model_sample_v4/train_v2_distribution.csv,471,cb13856fe0374aa29b8503a5656181aff405986509ff96659fb9642a3e04eb9e
results/model_sample_v4/train_v3_distribution.csv,455,33f25bdfd7709a39a67dfbd492ee9877b7acf9113f545a0a1b4343b4eac7f76a
results/model_sample_v4/v2_v3_distribution_compare.csv,1523,691c8211e76674dfae58223b65edc95b4595ae862b96cb8f4b10c46e814b7ebb
results/model_sample_v4/valid_v2_distribution.csv,455,76025598fb91e6c9dd7676f18bf843ce32d26f3cd80616f04befb5744e4e4186
results/network_eda/activity_benign_attack_summary.csv,1318,9b8c82a2453f0fd1d88d8f79f9e42d3545ccbdd31603bad6e682991ab77e25c3
results/network_eda/activity_summary.csv,4347,35bbfdbc6faffe880be43330743460e55d8730df61b27dedbb0909b787f12b0f
results/network_eda/benign_attack_feature_comparison.csv,2424,7fd6965f61ae5c3b34bd300cdcd676465fb3bc1ab4cf5162d16e0dc6ab4aa4f6
results/network_eda/benign_attack_mean.csv,2710,b627e12f7f93f83e18630efad4761dd2b001a255386060c9d1ba0706aeb8f046
results/network_eda/benign_attack_median.csv,1351,a223fed3a905db2cacfe7281c4a2769c7ce9cd73f154c8fb5a2652b2bc9971fa
results/network_eda/eda_feature_candidates.csv,2445,b4170ef3f5d6f272eeba161513f9435081350668430e1e8716348b1a740f0893
results/network_eda/eda_feature_correlation_matrix.csv,60775,b24ceca37b94188acfbbcc358858c28814954465fb8cbf84a5912627f89572d4
results/network_eda/eda_feature_correlation_pairs.csv,95533,9bd6a7695f58a41431c32d3bdd4dd5cbfbc88cd130ff52b0f8e45f19e2ccd8a2
results/network_eda/figures/iat_01_Flow IAT Mean.png,81399,c068e3efb700da85c28c70f6888a03ab99be51629f222683f3dc9ecd7b97c2e8
results/network_eda/high_correlation_candidates.csv,2198,b7df1df19a59a779c4dc5e4b1011634ef41fdf6bd9538433f0e7e25540cb71e1
results/network_eda/iat_benign_attack_summary.csv,2482,66425a30206522aaab173b86400d9a903c52348934e5e42ea52577c229669a03
results/network_eda/iat_summary.csv,10641,13647790dda9edbab6a49f1c8c044e48a823bd9a30646a454062822cb1404051
results/network_eda/key_feature_median_by_attack.csv,1694,c044147c6c71f8c3e2f433fd1b7a23cc5eea4ab96c04f1a14e424b24bcc81d2d
results/network_eda/packet_benign_attack_summary.csv,2579,b3bbcff2a3abe2d55707fc23d5d4125a365a5dcd2cd73bfbd23fbc273463b251
results/network_eda/packet_summary.csv,9411,7b39f71e4c632dc9b02a769e79909df7533f516b9c318a0922c05a28bc2bd01b
results/network_eda/source_file_label_distribution.csv,1043,8994fad07ae30189baf2319c68f75fde4386fcbac483365db00fdef9716baf83
results/network_eda/source_file_label_ratio.csv,1665,615d36e6d35f70de897de8f4976100d9dee37d5b48ab0b56c2b4cbcd4bf5cf75
results/network_eda/tcp_flag_benign_attack_summary.csv,1436,72ef4e17defc8e832c93b5ef1dbd9008e9830a1474da9aaf57265385a797f888
results/network_eda/tcp_flag_mean_by_label.csv,975,bc5b1930c08a87cebd3bd11bccb4ae8c0a8ed9c4a1ebde0f6334f4f348fd45a9
results/network_eda/tcp_flag_summary.csv,4378,0bd1277f9f07f73fcb4bf40c209fdafc8ecfcfe2d1f985bac16fdb540441c168
results/network_eda/traffic_benign_attack_summary.csv,1857,99a79935aeec13f413302caf90b9830d9da7f7d47be4220bc7621646f903406b
results/network_eda/traffic_summary.csv,7864,750cc1f152f0b71b39a7fe489ce30f4bb27d5e41a309a57815a0449da77321a8
results/ondevice_benchmark_v4/dnn_fp32_state_dict.pt,134797,9cb2f38526d0eaa901496a8e497f5a998570d79f21395d36d0d9ab2431c31a18
results/ondevice_benchmark_v4/dnn_torchao_int8_state_dict.pt,48149,8ca25effb7b1303fc17f8d6aa1c64e54b36e4993792d60a818e4a7ed09770e82
results/statistical_analysis_v4/benign_attack_sample.parquet,9444130,cf5d01e4ca455c29ec8107f67473981916989b05ed61d85f455d134c807d29be
results/statistical_analysis_v4/kruskal_wallis_top40.csv,3483,d3d95ce14f9a168f8f2a56b8d20f73d05cd3bc8fa8bcbacf5fb575366858a941
results/statistical_analysis_v4/mann_whitney_top40.csv,4255,82fae4c8386df2656c9632639dbfd01dfd1ef8c2a6f54fb0e38bcc0d672aa09c
results/statistical_analysis_v4/top40_statistical_validation.csv,3945,f6694c30db1138721080b2ed7d12b509e84df162da0194bf75e840ace6a59e6f
results/v4_model_comparison/focus_class_metrics.csv,901,2624471ba7e705b5addb6585c4f8e426fa8f7d5b5b17ec4955f92b597b369062
results/v4_model_comparison/overall_metrics.csv,618,82f3b647eff5ec6770456118a0a0de9fbd4a2abd5e8f363c7a2286654b40a5e7
scripts/benchmark_model_memory.py,6390,e1957c1ece911b9f5e0c2478cfd4bcad9f39223f7676dc4bd438cddb6a3a6cfe
