Label,label_id,rows,unique_patterns,rows_per_pattern
Benign,0,9451891,7445818,1.2694227820234123
Bot,1,194856,100976,1.9297258754555537
Brute Force -Web,2,428,394,1.0862944162436547
Brute Force -XSS,3,166,165,1.006060606060606
DDOS attack-HOIC,4,475783,139130,3.419700999065622
DDOS attack-LOIC-UDP,5,1203,1203,1.0
DDoS attacks-LOIC-HTTP,6,402962,402392,1.0014165291556492
DoS attacks-GoldenEye,7,29158,29090,1.0023375730491577
DoS attacks-Hulk,8,324733,101779,3.190569763900215
DoS attacks-SlowHTTPTest,9,85458,44,1942.2272727272727
DoS attacks-Slowloris,10,7766,6874,1.1297643293569974
FTP-BruteForce,11,173083,39,4438.025641025641
Infilteration,12,113111,98237,1.1514093467837985
SQL Injection,13,55,54,1.0185185185185186
SSH-Bruteforce,14,155484,66117,2.351649348881528
